{"type": "FeatureCollection", "features": [{"type": "Feature", "properties": {"kind": "store", "branch": "Guatemala", "color": "#E6194B", "name": "Guatemala"}, "geometry": {"type": "Point", "coordinates": [-90.5457, 14.5764]}}, {"type": "Feature", "properties": {"kind": "coverage", "branch": "Guatemala", "label": "10 min", "minutes": 10, "color": "#E6194B", "title": "Guatemala — hasta 10 min"}, "geometry": {"type": "Polygon", "coordinates": [[[-90.51584445819984, 14.573459485790114], [-90.52666820147509, 14.553209686399118], [-90.54864051420988, 14.546544458199834], [-90.56889031360087, 14.55736820147509], [-90.57555554180016, 14.579340514209886], [-90.5647317985249, 14.599590313600881], [-90.54275948579011, 14.606255541800165], [-90.52250968639912, 14.59543179852491], [-90.51584445819984, 14.573459485790114]]]}}, {"type": "Feature", "properties": {"kind": "coverage", "branch": "Guatemala", "label": "45 min", "minutes": 45, "color": "#E6194B", "title": "Guatemala — hasta 45 min"}, "geometry": {"type": "Polygon", "coordinates": [[[-90.5136148710271, 14.569757109695484], [-90.53822175254336, 14.535392972406317], [-90.556, 14.53], [-90.57377824745663, 14.535392972406317], [-90.58422148045915, 14.546915304421567], [-90.58556414504037, 14.574245869835682], [-90.56008469557844, 14.604221480459147], [-90.53571089032786, 14.60662209074343], [-90.51677851954085, 14.591084695578433], [-90.5136148710271, 14.569757109695484]]]}}, {"type": "Feature", "properties": {"kind": "coverage", "branch": "Guatemala", "label": "2 hrs", "minutes": 120, "color": "#E6194B", "title": "Guatemala — hasta 2 hrs"}, "geometry": {"type": "Polygon", "coordinates": [[[-90.46290903506166, 14.451898742572618], [-90.479166991411, 14.427566991411009], [-90.49684524473805, 14.414455905173874], [-90.52484871447528, 14.405961145499585], [-90.54683177415122, 14.407041103969759], [-90.57386776747647, 14.41823977907731], [-90.6451757840022, 14.479320503687726], [-90.65649096493834, 14.498198742572617], [-90.6622, 14.5269], [-90.64918754504745, 14.569070262724537], [-90.67254409482612, 14.595245244738049], [-90.6814, 14.6306], [-90.67254409482612, 14.66595475526195], [-90.65397949631226, 14.688575784002204], [-90.6210317741512, 14.704158896030242], [-90.59176822584878, 14.704158896030242], [-90.55279088748978, 14.68299737586358], [-90.52441905750715, 14.676482233372143], [-90.50428910967214, 14.68662209074343], [-90.48571089032787, 14.68662209074343], [-90.46484430195981, 14.666592589956174], [-90.44775413016431, 14.66456414504036], [-90.43526366549239, 14.655300585093237], [-90.4286148710271, 14.628757109695483], [-90.43737258300203, 14.61237258300203], [-90.45136655671969, 14.604213673375178], [-90.45177851954085, 14.574915304421568], [-90.48982225682471, 14.542433667057821], [-90.46983977907732, 14.522267767476471], [-90.46042947482009, 14.502371350794085], [-90.45756114549958, 14.473248714475284], [-90.46290903506166, 14.451898742572618]]]}}, {"type": "Feature", "properties": {"kind": "coverage", "branch": "Guatemala", "label": "3 hrs", "minutes": 180, "color": "#E6194B", "title": "Guatemala — hasta 3 hrs"}, "geometry": {"type": "Polygon", "coordinates": [[[-90.46290903506166, 14.451898742572618], [-90.479166991411, 14.427566991411009], [-90.49684524473805, 14.414455905173874], [-90.52484871447528, 14.405961145499585], [-90.54683177415122, 14.407041103969759], [-90.57386776747647, 14.41823977907731], [-90.6451757840022, 14.479320503687726], [-90.65649096493834, 14.498198742572617], [-90.6622, 14.5269], [-90.64918754504745, 14.569070262724537], [-90.67254409482612, 14.595245244738049], [-90.6814, 14.6306], [-90.67254409482612, 14.66595475526195], [-90.65397949631226, 14.688575784002204], [-90.63510125742738, 14.699890964938346], [-90.6064, 14.705599999999999], [-90.58462864920591, 14.702370525179916], [-90.55279088748978, 14.68299737586358], [-90.52441905750715, 14.676482233372143], [-90.47124289030452, 14.701385128972904], [-90.45275413016432, 14.69956414504036], [-90.4402636654924, 14.690300585093237], [-90.42415408874649, 14.651136548490546], [-90.43173846151556, 14.620000000000001], [-90.42937790925656, 14.595710890327858], [-90.43969941490676, 14.580263665492392], [-90.47626075932256, 14.558243489687214], [-90.48982225682471, 14.542433667057821], [-90.46983977907732, 14.522267767476471], [-90.46042947482009, 14.502371350794085], [-90.45756114549958, 14.473248714475284], [-90.46290903506166, 14.451898742572618]]]}}, {"type": "Feature", "properties": {"kind": "coverage", "branch": "Guatemala", "label": "6 hrs", "minutes": 360, "color": "#E6194B", "title": "Guatemala — hasta 6 hrs"}, "geometry": {"type": "Polygon", "coordinates": [[[-90.49053223252353, 14.41823977907731], [-90.5322, 14.405600000000002], [-90.55397135079409, 14.408829474820084], [-90.57859447066264, 14.421745341077397], [-90.62295128552472, 14.412261145499585], [-90.65095475526195, 14.420755905173873], [-90.67357578400221, 14.439320503687727], [-90.68915889603025, 14.47226822584879], [-90.68915889603025, 14.50153177415121], [-90.68174409482613, 14.522254755261951], [-90.64918754504745, 14.569070262724537], [-90.66876022092268, 14.588932232523529], [-90.68043566554036, 14.6191823448096], [-90.71099096493835, 14.654598742572617], [-90.71883885450042, 14.725951285524717], [-90.70217578400221, 14.766179496312274], [-90.66247788556605, 14.791245592665422], [-90.644733008589, 14.819733008588992], [-90.62040125742739, 14.835990964938347], [-90.5917, 14.8417], [-90.56299874257262, 14.835990964938347], [-90.538666991411, 14.819733008588992], [-90.52357011356598, 14.797856151667958], [-90.54133885450042, 14.842648714475283], [-90.53284409482613, 14.88535475526195], [-90.50205475526195, 14.916144094826127], [-90.45934871447528, 14.924638854500415], [-90.43799874257262, 14.919290964938346], [-90.413666991411, 14.903033008588991], [-90.40055590517387, 14.88535475526195], [-90.39211607258623, 14.857721573865115], [-90.35459874257262, 14.852590964938347], [-90.32093977907732, 14.82496776747647], [-90.30974110396976, 14.79793177415121], [-90.30866114549958, 14.775948714475284], [-90.31715590517388, 14.74794524473805], [-90.33133109762122, 14.729302541759852], [-90.29763977907731, 14.70166776747647], [-90.28644110396975, 14.67463177415121], [-90.28536114549958, 14.652648714475283], [-90.29385590517387, 14.62464524473805], [-90.306966991411, 14.606966991411008], [-90.34536822584879, 14.586441103969758], [-90.36735128552472, 14.585361145499585], [-90.39535475526195, 14.593855905173873], [-90.413033008589, 14.606966991411008], [-90.42848928603486, 14.629603734943414], [-90.43173846151556, 14.620000000000001], [-90.41706114549957, 14.579551285524717], [-90.42359567020672, 14.540989813355118], [-90.39163223252353, 14.529060220922691], [-90.37093977907732, 14.50836776747647], [-90.35974110396975, 14.48133177415121], [-90.36152947482009, 14.444928649205915], [-90.380266991411, 14.413666991411008], [-90.41866822584879, 14.393141103969757], [-90.45507135079409, 14.394929474820083], [-90.49053223252353, 14.41823977907731]], [[-90.413033008589, 14.713033008588992], [-90.42609420780475, 14.712293190165234], [-90.42514643483813, 14.697019250393382], [-90.41797578400221, 14.707579496312274], [-90.413033008589, 14.713033008588992]]]}}, {"type": "Feature", "properties": {"kind": "store", "branch": "Escuintla", "color": "#3CB44B", "name": "Escuintla"}, "geometry": {"type": "Point", "coordinates": [-90.785, 14.305]}}, {"type": "Feature", "properties": {"kind": "coverage", "branch": "Escuintla", "label": "10 min", "minutes": 10, "color": "#3CB44B", "title": "Escuintla — hasta 10 min"}, "geometry": {"type": "Polygon", "coordinates": [[[-90.75514445819984, 14.302059485790114], [-90.76596820147509, 14.281809686399118], [-90.78794051420988, 14.275144458199835], [-90.80819031360087, 14.28596820147509], [-90.81485554180016, 14.307940514209886], [-90.8040317985249, 14.328190313600881], [-90.78205948579011, 14.334855541800165], [-90.76180968639912, 14.32403179852491], [-90.75514445819984, 14.302059485790114]]]}}, {"type": "Feature", "properties": {"kind": "coverage", "branch": "Escuintla", "label": "45 min", "minutes": 45, "color": "#3CB44B", "title": "Escuintla — hasta 45 min"}, "geometry": {"type": "MultiPolygon", "coordinates": [[[[-90.8005764415879, 14.159147290339515], [-90.8087867965644, 14.143786796564402], [-90.82414729033951, 14.135576441587903], [-90.84148050297095, 14.13728361402466], [-90.85319031360088, 14.145968201475089], [-90.86, 14.165], [-90.85469292779064, 14.182005757827838], [-90.8631, 14.2028], [-90.85213179852491, 14.225990313600882], [-90.83015948579012, 14.232655541800165], [-90.80990968639912, 14.22183179852491], [-90.80367644158791, 14.208652709660484], [-90.80840707220936, 14.185794242172161], [-90.8005764415879, 14.159147290339515]]], [[[-90.71322947482008, 14.283228649205915], [-90.72702421599779, 14.257420503687726], [-90.74964524473805, 14.238855905173873], [-90.77764871447528, 14.230361145499584], [-90.80677135079408, 14.233229474820083], [-90.83257949631226, 14.247024215997794], [-90.85114409482613, 14.269645244738049], [-90.85963885450042, 14.297648714475283], [-90.85677052517991, 14.326771350794084], [-90.8429757840022, 14.352579496312273], [-90.82035475526195, 14.371144094826127], [-90.79235128552472, 14.379638854500415], [-90.76322864920591, 14.376770525179916], [-90.73742050368773, 14.362975784002206], [-90.71885590517387, 14.34035475526195], [-90.71036114549958, 14.312351285524716], [-90.71322947482008, 14.283228649205915]]]]}}, {"type": "Feature", "properties": {"kind": "coverage", "branch": "Escuintla", "label": "1 hr", "minutes": 60, "color": "#3CB44B", "title": "Escuintla — hasta 1 hr"}, "geometry": {"type": "MultiPolygon", "coordinates": [[[[-90.81129178992803, 14.101291459682365], [-90.8209682014751, 14.086809686399118], [-90.84, 14.08], [-90.85903179852491, 14.086809686399118], [-90.8694235584121, 14.104147290339515], [-90.86494408836909, 14.126667106990588], [-90.84565982514529, 14.13945217012714], [-90.85942355841209, 14.159147290339515], [-90.85469292779064, 14.182005757827838], [-90.8625235584121, 14.208652709660484], [-90.8543132034356, 14.224013203435597], [-90.83895270966049, 14.232223558412096], [-90.81643289300942, 14.227744088369077], [-90.80367644158791, 14.208652709660484], [-90.80840707220936, 14.185794242172161], [-90.8005764415879, 14.170852709660483], [-90.80129178992803, 14.156291459682365], [-90.81096820147509, 14.141809686399117], [-90.82434017485471, 14.13554782987286], [-90.81228361402466, 14.121480502970952], [-90.81129178992803, 14.101291459682365]]], [[[-90.71322947482008, 14.283228649205915], [-90.72702421599779, 14.257420503687726], [-90.74964524473805, 14.238855905173873], [-90.77764871447528, 14.230361145499584], [-90.80677135079408, 14.233229474820083], [-90.83257949631226, 14.247024215997794], [-90.85114409482613, 14.269645244738049], [-90.85963885450042, 14.297648714475283], [-90.85677052517991, 14.326771350794084], [-90.838033008589, 14.358033008588992], [-90.79992558754135, 14.37848529960728], [-90.7890317985249, 14.403190313600883], [-90.76129145968237, 14.408708210071968], [-90.74505591163091, 14.39666710699059], [-90.74296183635172, 14.367085516399538], [-90.71570903506165, 14.333701257427382], [-90.71036114549958, 14.312351285524716], [-90.71322947482008, 14.283228649205915]]], [[[-90.89492947482009, 14.294928649205916], [-90.9087242159978, 14.269120503687727], [-90.93134524473805, 14.250555905173874], [-90.95934871447528, 14.242061145499585], [-90.98847135079409, 14.244929474820085], [-91.01427949631227, 14.258724215997795], [-91.03284409482613, 14.28134524473805], [-91.04133885450042, 14.309348714475284], [-91.03847052517992, 14.338471350794086], [-91.02467578400221, 14.364279496312275], [-91.00205475526195, 14.382844094826128], [-90.97405128552472, 14.391338854500416], [-90.94492864920592, 14.388470525179917], [-90.91912050368774, 14.374675784002207], [-90.90055590517387, 14.352054755261952], [-90.89206114549958, 14.324051285524718], [-90.89492947482009, 14.294928649205916]]], [[[-90.67228361402466, 14.388519497029048], [-90.68851949702905, 14.372283614024662], [-90.71148050297096, 14.372283614024662], [-90.72771638597534, 14.388519497029048], [-90.72771638597534, 14.411480502970953], [-90.71148050297096, 14.427716385975339], [-90.68851949702905, 14.427716385975339], [-90.67228361402466, 14.411480502970953], [-90.67228361402466, 14.388519497029048]]]]}}, {"type": "Feature", "properties": {"kind": "coverage", "branch": "Escuintla", "label": "2 hrs", "minutes": 120, "color": "#3CB44B", "title": "Escuintla — hasta 2 hrs"}, "geometry": {"type": "MultiPolygon", "coordinates": [[[[-90.76265452717111, 13.881725062476152], [-90.79129874257261, 13.860709035061653], [-90.82, 13.855], [-90.84870125742738, 13.860709035061653], [-90.87303300858899, 13.876966991411008], [-90.88929096493834, 13.901298742572617], [-90.895, 13.93], [-90.88929096493834, 13.958701257427382], [-90.87303300858899, 13.983033008588992], [-90.84870125742738, 13.999290964938346], [-90.82, 14.004999999999999], [-90.79129874257261, 13.999290964938346], [-90.76564547282888, 13.981574937523847], [-90.73700125742738, 14.002590964938346], [-90.7083, 14.008299999999998], [-90.67959874257261, 14.002590964938346], [-90.655266991411, 13.986333008588991], [-90.63900903506165, 13.962001257427382], [-90.63329999999999, 13.9333], [-90.63900903506165, 13.904598742572617], [-90.655266991411, 13.880266991411007], [-90.67959874257261, 13.864009035061652], [-90.7083, 13.8583], [-90.73700125742738, 13.864009035061652], [-90.76265452717111, 13.881725062476152]]], [[[-90.81228361402466, 14.098519497029047], [-90.82333289300942, 14.085055911630922], [-90.84, 14.08], [-90.85414190210479, 14.083542362069549], [-90.86645763793045, 14.095858097895219], [-90.86645763793045, 14.12414190210478], [-90.84565982514529, 14.13945217012714], [-90.85870821007197, 14.156291459682365], [-90.85469292779064, 14.182005757827838], [-90.86181678180736, 14.19412567996826], [-90.88572050368774, 14.158724215997793], [-90.91866822584879, 14.143141103969757], [-90.96200125742739, 14.147409035061653], [-90.99127578400221, 14.169120503687726], [-91.00793885450042, 14.209348714475283], [-91.00050064571323, 14.249820866099455], [-91.05836776747647, 14.270939779077308], [-91.07467578400221, 14.285720503687726], [-91.08847052517991, 14.311528649205915], [-91.08847052517991, 14.355071350794084], [-91.06427949631227, 14.391275784002204], [-91.03133177415121, 14.406858896030242], [-91.00206822584879, 14.406858896030242], [-90.96950658487606, 14.39156212132643], [-90.93799874257262, 14.385990964938348], [-90.9087242159978, 14.364279496312275], [-90.89206114549958, 14.324051285524718], [-90.89949935428677, 14.283579133900545], [-90.87093977907732, 14.25836776747647], [-90.85840625492094, 14.218862868603182], [-90.84724190210478, 14.22925763793045], [-90.83015948579012, 14.232655541800165], [-90.8140682014751, 14.225990313600882], [-90.80538361402466, 14.214280502970952], [-90.80840707220936, 14.185794242172161], [-90.8005764415879, 14.159147290339515], [-90.8087867965644, 14.143786796564402], [-90.82434017485471, 14.13554782987286], [-90.81129178992803, 14.118708540317634], [-90.81228361402466, 14.098519497029047]]], [[[-90.71570903506165, 14.276298742572617], [-90.731966991411, 14.251966991411008], [-90.74964524473805, 14.238855905173873], [-90.77764871447528, 14.230361145499584], [-90.79963177415121, 14.231441103969757], [-90.82035475526195, 14.238855905173873], [-90.8429757840022, 14.257420503687726], [-90.85677052517991, 14.283228649205915], [-90.85963885450042, 14.312351285524716], [-90.8429757840022, 14.352579496312273], [-90.82666776747647, 14.367360220922691], [-90.79992558754135, 14.37848529960728], [-90.7890317985249, 14.403190313600883], [-90.76414729033951, 14.409423558412097], [-90.74481665524773, 14.396267931830955], [-90.74157457896301, 14.41722075445643], [-90.73181980515339, 14.431819805153395], [-90.71306281047646, 14.44306231510795], [-90.69558922868518, 14.444783312700249], [-90.66521452959869, 14.428547697787364], [-90.65521668729976, 14.39558922868517], [-90.66818019484661, 14.368180194846605], [-90.69122093550928, 14.355864662381855], [-90.72121285315717, 14.360313543104324], [-90.7400244738363, 14.379501823617595], [-90.74296183635172, 14.367085516399538], [-90.72263977907731, 14.34666776747647], [-90.71144110396975, 14.31963177415121], [-90.71570903506165, 14.276298742572617]]]]}}, {"type": "Feature", "properties": {"kind": "coverage", "branch": "Escuintla", "label": "3 hrs", "minutes": 180, "color": "#3CB44B", "title": "Escuintla — hasta 3 hrs"}, "geometry": {"type": "MultiPolygon", "coordinates": [[[[-90.76265452717111, 13.881725062476152], [-90.79129874257261, 13.860709035061653], [-90.82, 13.855], [-90.84870125742738, 13.860709035061653], [-90.87303300858899, 13.876966991411008], [-90.88929096493834, 13.901298742572617], [-90.895, 13.93], [-90.88929096493834, 13.958701257427382], [-90.87303300858899, 13.983033008588992], [-90.84870125742738, 13.999290964938346], [-90.82, 14.004999999999999], [-90.79129874257261, 13.999290964938346], [-90.76564547282888, 13.981574937523847], [-90.73700125742738, 14.002590964938346], [-90.7083, 14.008299999999998], [-90.67959874257261, 14.002590964938346], [-90.655266991411, 13.986333008588991], [-90.63900903506165, 13.962001257427382], [-90.63329999999999, 13.9333], [-90.63900903506165, 13.904598742572617], [-90.655266991411, 13.880266991411007], [-90.67959874257261, 13.864009035061652], [-90.7083, 13.8583], [-90.73700125742738, 13.864009035061652], [-90.76265452717111, 13.881725062476152]]], [[[-91.08070903506166, 13.904598742572617], [-91.09696699141101, 13.880266991411007], [-91.12129874257262, 13.864009035061652], [-91.15, 13.8583], [-91.17870125742739, 13.864009035061652], [-91.203033008589, 13.880266991411007], [-91.21929096493835, 13.904598742572617], [-91.22500000000001, 13.9333], [-91.21929096493835, 13.962001257427382], [-91.203033008589, 13.986333008588991], [-91.17870125742739, 14.002590964938346], [-91.15, 14.008299999999998], [-91.12129874257262, 14.002590964938346], [-91.09696699141101, 13.986333008588991], [-91.08070903506166, 13.962001257427382], [-91.075, 13.9333], [-91.08070903506166, 13.904598742572617]]], [[[-91.08693718952354, 14.006937684892051], [-91.12121285315716, 14.010313543104324], [-91.14306231510794, 14.03693718952355], [-91.14306231510794, 14.06306281047645], [-91.12479163243893, 14.087541419143449], [-91.11614409482613, 14.11865475526195], [-91.09757949631226, 14.141275784002204], [-91.07177135079408, 14.155070525179916], [-91.04264871447528, 14.157938854500415], [-91.01464524473805, 14.149444094826126], [-90.99202421599779, 14.130879496312273], [-90.97822947482008, 14.105071350794084], [-90.97536114549958, 14.075948714475283], [-90.98385590517387, 14.047945244738049], [-90.996966991411, 14.030266991411008], [-91.02129874257261, 14.014009035061653], [-91.05, 14.0083], [-91.0749078395527, 14.012651728442753], [-91.08693718952354, 14.006937684892051]]], [[[-90.81228361402466, 14.098519497029047], [-90.82333289300942, 14.085055911630922], [-90.84, 14.08], [-90.85414190210479, 14.083542362069549], [-90.86645763793045, 14.095858097895219], [-90.86645763793045, 14.12414190210478], [-90.84565982514529, 14.13945217012714], [-90.85870821007197, 14.156291459682365], [-90.85469292779064, 14.182005757827838], [-90.86181678180736, 14.19412567996826], [-90.88572050368774, 14.158724215997793], [-90.91866822584879, 14.143141103969757], [-90.96200125742739, 14.147409035061653], [-90.99127578400221, 14.169120503687726], [-91.00793885450042, 14.209348714475283], [-91.00050064571323, 14.249820866099455], [-91.05836776747647, 14.270939779077308], [-91.07467578400221, 14.285720503687726], [-91.08847052517991, 14.311528649205915], [-91.08847052517991, 14.355071350794084], [-91.06427949631227, 14.391275784002204], [-91.03133177415121, 14.406858896030242], [-91.00206822584879, 14.406858896030242], [-90.96950658487606, 14.39156212132643], [-90.93799874257262, 14.385990964938348], [-90.9087242159978, 14.364279496312275], [-90.89206114549958, 14.324051285524718], [-90.89949935428677, 14.283579133900545], [-90.87093977907732, 14.25836776747647], [-90.85840625492094, 14.218862868603182], [-90.84724190210478, 14.22925763793045], [-90.83015948579012, 14.232655541800165], [-90.8140682014751, 14.225990313600882], [-90.80538361402466, 14.214280502970952], [-90.80840707220936, 14.185794242172161], [-90.8005764415879, 14.159147290339515], [-90.8087867965644, 14.143786796564402], [-90.82434017485471, 14.13554782987286], [-90.81129178992803, 14.118708540317634], [-90.81228361402466, 14.098519497029047]]], [[[-90.43134524473805, 14.000555905173874], [-90.47405128552472, 13.992061145499585], [-90.49540125742739, 13.997409035061654], [-90.519733008589, 14.013666991411009], [-90.54025889603025, 14.05206822584879], [-90.54025889603025, 14.081331774151211], [-90.53284409482613, 14.102054755261952], [-90.51427949631227, 14.124675784002205], [-90.48847135079409, 14.138470525179917], [-90.45934871447528, 14.141338854500416], [-90.43704980165688, 14.135542149310803], [-90.41865475526195, 14.149444094826126], [-90.39065128552473, 14.157938854500415], [-90.34794524473806, 14.149444094826126], [-90.3253242159978, 14.130879496312273], [-90.31152947482009, 14.105071350794084], [-90.30866114549958, 14.075948714475283], [-90.31715590517388, 14.047945244738049], [-90.33026699141101, 14.030266991411008], [-90.35459874257262, 14.014009035061653], [-90.3833, 14.0083], [-90.41295019834313, 14.014457850689197], [-90.43134524473805, 14.000555905173874]]], [[[-90.71570903506165, 14.276298742572617], [-90.731966991411, 14.251966991411008], [-90.74964524473805, 14.238855905173873], [-90.77764871447528, 14.230361145499584], [-90.79963177415121, 14.231441103969757], [-90.82035475526195, 14.238855905173873], [-90.8429757840022, 14.257420503687726], [-90.85677052517991, 14.283228649205915], [-90.85963885450042, 14.312351285524716], [-90.8429757840022, 14.352579496312273], [-90.82666776747647, 14.367360220922691], [-90.79992558754135, 14.37848529960728], [-90.7890317985249, 14.403190313600883], [-90.76414729033951, 14.409423558412097], [-90.74481665524773, 14.396267931830955], [-90.74157457896301, 14.41722075445643], [-90.73181980515339, 14.431819805153395], [-90.71306281047646, 14.44306231510795], [-90.69558922868518, 14.444783312700249], [-90.66521452959869, 14.428547697787364], [-90.65521668729976, 14.39558922868517], [-90.66818019484661, 14.368180194846605], [-90.69122093550928, 14.355864662381855], [-90.72121285315717, 14.360313543104324], [-90.7400244738363, 14.379501823617595], [-90.74296183635172, 14.367085516399538], [-90.72263977907731, 14.34666776747647], [-90.71144110396975, 14.31963177415121], [-90.71570903506165, 14.276298742572617]]]]}}, {"type": "Feature", "properties": {"kind": "coverage", "branch": "Escuintla", "label": "6 hrs", "minutes": 360, "color": "#3CB44B", "title": "Escuintla — hasta 6 hrs"}, "geometry": {"type": "MultiPolygon", "coordinates": [[[[-91.08070903506166, 13.904598742572617], [-91.09696699141101, 13.880266991411007], [-91.12129874257262, 13.864009035061652], [-91.15, 13.8583], [-91.17870125742739, 13.864009035061652], [-91.203033008589, 13.880266991411007], [-91.21929096493835, 13.904598742572617], [-91.22500000000001, 13.9333], [-91.21929096493835, 13.962001257427382], [-91.203033008589, 13.986333008588991], [-91.17870125742739, 14.002590964938346], [-91.15, 14.008299999999998], [-91.12129874257262, 14.002590964938346], [-91.09696699141101, 13.986333008588991], [-91.08070903506166, 13.962001257427382], [-91.075, 13.9333], [-91.08070903506166, 13.904598742572617]]], [[[-91.02129874257261, 14.014009035061653], [-91.10877906449072, 14.005864662381855], [-91.13181980515338, 14.018180194846606], [-91.14413533761814, 14.041220935509275], [-91.141574578963, 14.06722075445643], [-91.12479163243893, 14.087541419143449], [-91.11236022092268, 14.12496776747647], [-91.09166776747647, 14.145660220922691], [-91.05735128552472, 14.157938854500415], [-91.02129874257261, 14.152590964938346], [-90.996966991411, 14.136333008588991], [-90.98070903506165, 14.112001257427382], [-90.975, 14.0833], [-90.98070903506165, 14.054598742572617], [-90.996966991411, 14.030266991411008], [-91.02129874257261, 14.014009035061653]]], [[[-90.81354236206955, 14.095858097895219], [-90.82585809789522, 14.083542362069549], [-90.84, 14.08], [-90.85414190210479, 14.083542362069549], [-90.86645763793045, 14.095858097895219], [-90.86645763793045, 14.12414190210478], [-90.84565982514529, 14.13945217012714], [-90.85870821007197, 14.156291459682365], [-90.85469292779064, 14.182005757827838], [-90.86181678180736, 14.19412567996826], [-90.88572050368774, 14.158724215997793], [-90.91866822584879, 14.143141103969757], [-90.96200125742739, 14.147409035061653], [-90.99127578400221, 14.169120503687726], [-91.00793885450042, 14.209348714475283], [-91.00050064571323, 14.249820866099455], [-91.05836776747647, 14.270939779077308], [-91.07467578400221, 14.285720503687726], [-91.08847052517991, 14.311528649205915], [-91.08847052517991, 14.355071350794084], [-91.06427949631227, 14.391275784002204], [-91.03133177415121, 14.406858896030242], [-91.00206822584879, 14.406858896030242], [-90.96950658487606, 14.39156212132643], [-90.93799874257262, 14.385990964938348], [-90.9087242159978, 14.364279496312275], [-90.89206114549958, 14.324051285524718], [-90.89949935428677, 14.283579133900545], [-90.87093977907732, 14.25836776747647], [-90.85840625492094, 14.218862868603182], [-90.84724190210478, 14.22925763793045], [-90.83015948579012, 14.232655541800165], [-90.8140682014751, 14.225990313600882], [-90.80439178992803, 14.211508540317634], [-90.80840707220936, 14.185794242172161], [-90.8005764415879, 14.170852709660483], [-90.80129178992803, 14.156291459682365], [-90.81096820147509, 14.141809686399117], [-90.82434017485471, 14.13554782987286], [-90.81129178992803, 14.118708540317634], [-90.81354236206955, 14.095858097895219]]], [[[-91.23385590517387, 14.15634524473805], [-91.25833223252353, 14.12933977907731], [-91.29264871447528, 14.117061145499585], [-91.32870125742738, 14.122409035061654], [-91.353033008589, 14.138666991411009], [-91.37177052517991, 14.169928649205916], [-91.37298849716791, 14.208608934055643], [-91.41427949631226, 14.225324215997794], [-91.43847052517991, 14.261528649205916], [-91.44025889603024, 14.29793177415121], [-91.41973300858899, 14.336333008588992], [-91.39540125742738, 14.352590964938347], [-91.3667, 14.3583], [-91.33799874257261, 14.352590964938347], [-91.313666991411, 14.336333008588992], [-91.29492947482008, 14.305071350794085], [-91.29371150283208, 14.266391065944358], [-91.25833223252353, 14.254060220922693], [-91.23070903506165, 14.220401257427383], [-91.22536114549958, 14.184348714475284], [-91.23385590517387, 14.15634524473805]]], [[[-91.17928386744639, 14.341699339514118], [-91.20363718952355, 14.32363768489205], [-91.23392075445643, 14.325125421036992], [-91.25638645689568, 14.34548714684283], [-91.26083533761815, 14.375479064490726], [-91.24065559059007, 14.404742523343254], [-91.23847052517992, 14.438471350794085], [-91.219733008589, 14.469733008588992], [-91.18847135079409, 14.488470525179917], [-91.1520682258488, 14.490258896030243], [-91.12503223252354, 14.479060220922692], [-91.10433977907732, 14.45836776747647], [-91.09314110396976, 14.43133177415121], [-91.09314110396976, 14.40206822584879], [-91.10433977907732, 14.37503223252353], [-91.12503223252354, 14.354339779077309], [-91.1520682258488, 14.343141103969758], [-91.17928386744639, 14.341699339514118]]], [[[-90.79129874257261, 13.860709035061653], [-90.82, 13.855], [-90.84870125742738, 13.860709035061653], [-90.87303300858899, 13.876966991411008], [-90.88614409482612, 13.894645244738049], [-90.89355889603024, 13.91536822584879], [-90.89355889603024, 13.94463177415121], [-90.88614409482612, 13.96535475526195], [-90.86757949631226, 13.987975784002204], [-90.84177135079408, 14.001770525179916], [-90.81264871447527, 14.004638854500415], [-90.78464524473804, 13.996144094826127], [-90.76564547282888, 13.981574937523847], [-90.73700125742738, 14.002590964938346], [-90.7083, 14.008299999999998], [-90.67959874257261, 14.002590964938346], [-90.65032421599778, 13.980879496312273], [-90.63652947482008, 13.955071350794084], [-90.63366114549957, 13.925948714475282], [-90.64215590517387, 13.897945244738048], [-90.66072050368773, 13.875324215997793], [-90.68652864920591, 13.861529474820083], [-90.71565128552471, 13.858661145499584], [-90.74365475526194, 13.867155905173872], [-90.76265452717111, 13.881725062476152], [-90.79129874257261, 13.860709035061653]]], [[[-90.43134524473805, 14.000555905173874], [-90.47405128552472, 13.992061145499585], [-90.49540125742739, 13.997409035061654], [-90.519733008589, 14.013666991411009], [-90.54025889603025, 14.05206822584879], [-90.54025889603025, 14.081331774151211], [-90.53284409482613, 14.102054755261952], [-90.51427949631227, 14.124675784002205], [-90.48847135079409, 14.138470525179917], [-90.45934871447528, 14.141338854500416], [-90.43704980165688, 14.135542149310803], [-90.41865475526195, 14.149444094826126], [-90.39065128552473, 14.157938854500415], [-90.34794524473806, 14.149444094826126], [-90.3253242159978, 14.130879496312273], [-90.31152947482009, 14.105071350794084], [-90.30866114549958, 14.075948714475283], [-90.31715590517388, 14.047945244738049], [-90.33026699141101, 14.030266991411008], [-90.35459874257262, 14.014009035061653], [-90.3833, 14.0083], [-90.41295019834313, 14.014457850689197], [-90.43134524473805, 14.000555905173874]]], [[[-90.71144110396975, 14.29036822584879], [-90.731966991411, 14.251966991411008], [-90.75629874257261, 14.235709035061653], [-90.77764871447528, 14.230361145499584], [-90.80677135079408, 14.233229474820083], [-90.82666776747647, 14.242639779077308], [-90.84736022092268, 14.26333223252353], [-90.85855889603025, 14.29036822584879], [-90.85963885450042, 14.312351285524716], [-90.8429757840022, 14.352579496312273], [-90.82666776747647, 14.367360220922691], [-90.79992558754135, 14.37848529960728], [-90.7890317985249, 14.403190313600883], [-90.76414729033951, 14.409423558412097], [-90.74481665524773, 14.396267931830955], [-90.74157457896301, 14.41722075445643], [-90.73181980515339, 14.431819805153395], [-90.71306281047646, 14.44306231510795], [-90.69558922868518, 14.444783312700249], [-90.66521452959869, 14.428547697787364], [-90.65521668729976, 14.39558922868517], [-90.66818019484661, 14.368180194846605], [-90.69122093550928, 14.355864662381855], [-90.72121285315717, 14.360313543104324], [-90.7400244738363, 14.379501823617595], [-90.74296183635172, 14.367085516399538], [-90.72263977907731, 14.34666776747647], [-90.71144110396975, 14.31963177415121], [-90.71144110396975, 14.29036822584879]]]]}}, {"type": "Feature", "properties": {"kind": "store", "branch": "Chimaltenango 1 y 2", "color": "#4363D8", "name": "Chimaltenango 1 y 2"}, "geometry": {"type": "Point", "coordinates": [-90.819, 14.662]}}, {"type": "Feature", "properties": {"kind": "coverage", "branch": "Chimaltenango 1 y 2", "label": "10 min", "minutes": 10, "color": "#4363D8", "title": "Chimaltenango 1 y 2 — hasta 10 min"}, "geometry": {"type": "Polygon", "coordinates": [[[-90.78914445819984, 14.659059485790115], [-90.7999682014751, 14.638809686399119], [-90.82194051420989, 14.632144458199836], [-90.84219031360088, 14.64296820147509], [-90.84885554180016, 14.664940514209887], [-90.83803179852491, 14.685190313600883], [-90.81605948579012, 14.691855541800166], [-90.79580968639912, 14.681031798524911], [-90.78914445819984, 14.659059485790115]]]}}, {"type": "Feature", "properties": {"kind": "coverage", "branch": "Chimaltenango 1 y 2", "label": "45 min", "minutes": 45, "color": "#4363D8", "title": "Chimaltenango 1 y 2 — hasta 45 min"}, "geometry": {"type": "Polygon", "coordinates": [[[-90.72036114549958, 14.642648714475284], [-90.72885590517387, 14.61464524473805], [-90.74742050368774, 14.592024215997794], [-90.77322864920592, 14.578229474820084], [-90.80235128552472, 14.575361145499585], [-90.83035475526195, 14.583855905173873], [-90.85297578400221, 14.602420503687727], [-90.86677052517992, 14.628228649205916], [-90.86963885450042, 14.657351285524717], [-90.86114409482613, 14.685354755261951], [-90.84257949631227, 14.707975784002205], [-90.81677135079408, 14.721770525179917], [-90.78764871447528, 14.724638854500416], [-90.75964524473805, 14.716144094826127], [-90.73702421599779, 14.697579496312274], [-90.72322947482009, 14.671771350794085], [-90.72036114549958, 14.642648714475284]]]}}, {"type": "Feature", "properties": {"kind": "coverage", "branch": "Chimaltenango 1 y 2", "label": "1 hr", "minutes": 60, "color": "#4363D8", "title": "Chimaltenango 1 y 2 — hasta 1 hr"}, "geometry": {"type": "Polygon", "coordinates": [[[-90.73753441406659, 14.55850802342371], [-90.77129874257261, 14.530709035061653], [-90.8, 14.525], [-90.89166776747646, 14.554339779077308], [-90.936333008589, 14.596966991411009], [-90.95259096493835, 14.621298742572618], [-90.95793885450043, 14.657351285524717], [-90.94566022092269, 14.69166776747647], [-90.91200125742739, 14.719290964938347], [-90.89065128552473, 14.724638854500416], [-90.86349533459493, 14.722263154224663], [-90.819, 14.737], [-90.79029874257262, 14.731290964938347], [-90.746433431735, 14.707081154132222], [-90.71866822584879, 14.706858896030242], [-90.69163223252353, 14.695660220922692], [-90.66400903506165, 14.662001257427383], [-90.65866114549958, 14.640651285524717], [-90.66152947482009, 14.611528649205916], [-90.67532421599779, 14.585720503687726], [-90.69163223252353, 14.570939779077309], [-90.73753441406659, 14.55850802342371]]]}}, {"type": "Feature", "properties": {"kind": "coverage", "branch": "Chimaltenango 1 y 2", "label": "2 hrs", "minutes": 120, "color": "#4363D8", "title": "Chimaltenango 1 y 2 — hasta 2 hrs"}, "geometry": {"type": "Polygon", "coordinates": [[[-90.85735128552471, 14.542061145499584], [-90.88535475526194, 14.550555905173873], [-90.9037197968132, 14.564424745445772], [-90.9333, 14.558300000000001], [-90.96200125742739, 14.564009035061654], [-90.99566022092269, 14.59163223252353], [-91.00685889603025, 14.61866822584879], [-91.00621982249453, 14.65048309872007], [-91.02355889603025, 14.685368225848789], [-91.02441071362554, 14.708889286374465], [-91.04793177415121, 14.709741103969758], [-91.07496776747647, 14.720939779077309], [-91.0912757840022, 14.735720503687727], [-91.10507052517991, 14.761528649205916], [-91.10793885450042, 14.790651285524717], [-91.10259096493834, 14.812001257427383], [-91.07496776747647, 14.845660220922692], [-91.04065128552472, 14.857938854500416], [-90.99794524473805, 14.849444094826127], [-90.96715590517387, 14.818654755261951], [-90.95888928637446, 14.774410713625535], [-90.91464524473805, 14.766144094826126], [-90.8920242159978, 14.747579496312273], [-90.87931465002258, 14.72480421231038], [-90.86349533459493, 14.722263154224663], [-90.85194713604838, 14.729282813907908], [-90.86929096493834, 14.754598742572618], [-90.87463885450042, 14.790651285524717], [-90.86614409482613, 14.818654755261951], [-90.84757949631226, 14.841275784002205], [-90.82177135079408, 14.855070525179917], [-90.79264871447528, 14.857938854500416], [-90.75833223252353, 14.845660220922692], [-90.73763977907731, 14.82496776747647], [-90.72644110396975, 14.79793177415121], [-90.72644110396975, 14.76866822584879], [-90.73763977907731, 14.74163223252353], [-90.76338350743954, 14.717912161406963], [-90.746433431735, 14.707081154132222], [-90.71866822584879, 14.706858896030242], [-90.69794524473805, 14.699444094826127], [-90.66715590517387, 14.66865475526195], [-90.6583, 14.6333], [-90.66653481068782, 14.599258438696044], [-90.65486114549958, 14.565951285524717], [-90.66020903506165, 14.529898742572618], [-90.68783223252353, 14.496239779077309], [-90.73332396699801, 14.483787859452235], [-90.73900903506166, 14.454598742572617], [-90.76072050368774, 14.425324215997794], [-90.78652864920592, 14.411529474820084], [-90.81565128552472, 14.408661145499584], [-90.85587949631227, 14.425324215997794], [-90.88007052517992, 14.461528649205915], [-90.88007052517992, 14.505071350794084], [-90.85735128552471, 14.542061145499584]]]}}, {"type": "Feature", "properties": {"kind": "coverage", "branch": "Chimaltenango 1 y 2", "label": "3 hrs", "minutes": 180, "color": "#4363D8", "title": "Chimaltenango 1 y 2 — hasta 3 hrs"}, "geometry": {"type": "Polygon", "coordinates": [[[-90.90055590517387, 14.46464524473805], [-90.93134524473805, 14.433855905173873], [-90.97405128552472, 14.425361145499584], [-90.99540125742739, 14.430709035061653], [-91.019733008589, 14.446966991411008], [-91.04059667168798, 14.487645324369087], [-91.07129874257261, 14.464009035061654], [-91.10735128552471, 14.458661145499585], [-91.14166776747646, 14.470939779077309], [-91.16614409482612, 14.49794524473805], [-91.17463885450042, 14.525948714475284], [-91.17177052517991, 14.555071350794085], [-91.1579757840022, 14.580879496312274], [-91.13535475526194, 14.599444094826127], [-91.1, 14.6083], [-91.06464524473805, 14.599444094826127], [-91.03763977907731, 14.57496776747647], [-91.02610332831202, 14.545654675630914], [-91.00708148699222, 14.563131187775195], [-90.99567087033826, 14.591650000000001], [-91.0043118498786, 14.609408293783629], [-91.03133177415121, 14.609741103969757], [-91.05836776747647, 14.620939779077307], [-91.08599096493835, 14.654598742572617], [-91.09133885450042, 14.690651285524716], [-91.07947217012183, 14.724280471759876], [-91.09944409482613, 14.74794524473805], [-91.1083, 14.7833], [-91.10259096493834, 14.812001257427383], [-91.086333008589, 14.836333008588992], [-91.04793177415121, 14.856858896030243], [-91.00017913390055, 14.850500645713236], [-90.97496776747647, 14.879060220922693], [-90.94065128552472, 14.891338854500416], [-90.91152864920592, 14.888470525179917], [-90.88572050368774, 14.874675784002207], [-90.86715590517387, 14.852054755261952], [-90.85939096706137, 14.828971342847975], [-90.82177135079408, 14.855070525179917], [-90.79264871447528, 14.857938854500416], [-90.77129874257261, 14.852590964938347], [-90.74202421599779, 14.830879496312274], [-90.72644110396975, 14.79793177415121], [-90.73070903506165, 14.754598742572618], [-90.74202421599779, 14.735720503687727], [-90.76338350743954, 14.717912161406963], [-90.746433431735, 14.707081154132222], [-90.71816914238603, 14.706733882130774], [-90.71034409482613, 14.753954755261951], [-90.697233008589, 14.771633008588992], [-90.67290125742738, 14.787890964938347], [-90.62956822584879, 14.792158896030243], [-90.591166991411, 14.771633008588992], [-90.57490903506165, 14.747301257427383], [-90.56956114549958, 14.711248714475284], [-90.57805590517387, 14.68324524473805], [-90.60141738265337, 14.657066608092524], [-90.57822947482009, 14.621771350794084], [-90.57644110396976, 14.58536822584879], [-90.59696699141101, 14.546966991411008], [-90.64431795329048, 14.519330019999291], [-90.64492947482009, 14.478228649205915], [-90.663666991411, 14.446966991411008], [-90.69492864920592, 14.428229474820084], [-90.72405128552472, 14.425361145499584], [-90.75202636125097, 14.433842475806836], [-90.77959874257262, 14.414009035061653], [-90.81565128552472, 14.408661145499584], [-90.84365475526195, 14.417155905173873], [-90.86627578400221, 14.435720503687726], [-90.88007052517992, 14.461528649205915], [-90.88227150229658, 14.495150208644608], [-90.89291851300779, 14.486868812224806], [-90.90055590517387, 14.46464524473805]], [[-90.85497777968074, 14.54194454263456], [-90.85871822556945, 14.542263911901024], [-90.85932849770343, 14.538149791355389], [-90.85497777968074, 14.54194454263456]]]}}, {"type": "Feature", "properties": {"kind": "store", "branch": "Mazatenango", "color": "#F58231", "name": "Mazatenango"}, "geometry": {"type": "Point", "coordinates": [-91.504, 14.535]}}, {"type": "Feature", "properties": {"kind": "coverage", "branch": "Mazatenango", "label": "10 min", "minutes": 10, "color": "#F58231", "title": "Mazatenango — hasta 10 min"}, "geometry": {"type": "Polygon", "coordinates": [[[-91.47414445819985, 14.532059485790114], [-91.4849682014751, 14.511809686399118], [-91.50694051420989, 14.505144458199835], [-91.52719031360088, 14.51596820147509], [-91.53385554180016, 14.537940514209886], [-91.52303179852491, 14.558190313600882], [-91.50105948579012, 14.564855541800165], [-91.48080968639913, 14.55403179852491], [-91.47414445819985, 14.532059485790114]]]}}, {"type": "Feature", "properties": {"kind": "coverage", "branch": "Mazatenango", "label": "45 min", "minutes": 45, "color": "#F58231", "title": "Mazatenango — hasta 45 min"}, "geometry": {"type": "Polygon", "coordinates": [[[-91.43536822584879, 14.393141103969757], [-91.51200125742739, 14.397409035061653], [-91.54566022092268, 14.42503223252353], [-91.55685889603025, 14.45206822584879], [-91.55676143682436, 14.481720853110934], [-91.57014409482613, 14.49964524473805], [-91.59025889603025, 14.55206822584879], [-91.59025889603025, 14.581331774151211], [-91.57906022092268, 14.608367767476471], [-91.55836776747647, 14.629060220922693], [-91.53133177415121, 14.640258896030243], [-91.49492864920592, 14.638470525179917], [-91.463666991411, 14.619733008588993], [-91.44740903506165, 14.595401257427383], [-91.42918223039139, 14.538709384832362], [-91.396966991411, 14.519733008588991], [-91.37644110396975, 14.48133177415121], [-91.38070903506166, 14.437998742572617], [-91.40242050368774, 14.408724215997793], [-91.43536822584879, 14.393141103969757]]]}}, {"type": "Feature", "properties": {"kind": "coverage", "branch": "Mazatenango", "label": "1 hr", "minutes": 60, "color": "#F58231", "title": "Mazatenango — hasta 1 hr"}, "geometry": {"type": "Polygon", "coordinates": [[[-91.55934871447528, 14.458661145499585], [-91.59540125742738, 14.464009035061654], [-91.619733008589, 14.480266991411009], [-91.63847052517991, 14.511528649205916], [-91.64025889603025, 14.54793177415121], [-91.62906022092268, 14.57496776747647], [-91.60809483690261, 14.595823809213158], [-91.60259096493834, 14.628701257427382], [-91.586333008589, 14.653033008588991], [-91.55507135079408, 14.671770525179916], [-91.51866822584878, 14.673558896030242], [-91.48572050368773, 14.657975784002204], [-91.4535688122248, 14.607081486992216], [-91.43134524473805, 14.599444094826127], [-91.4087242159978, 14.580879496312274], [-91.39190078827421, 14.537387139215205], [-91.36912050368774, 14.524675784002206], [-91.35055590517388, 14.50205475526195], [-91.34314110396976, 14.48133177415121], [-91.34314110396976, 14.45206822584879], [-91.3587242159978, 14.419120503687726], [-91.38799874257262, 14.397409035061653], [-91.40934871447529, 14.392061145499584], [-91.4833, 14.3917], [-91.51200125742739, 14.397409035061653], [-91.53087949631227, 14.408724215997793], [-91.54944409482613, 14.431345244738049], [-91.55934871447528, 14.458661145499585]]]}}, {"type": "Feature", "properties": {"kind": "coverage", "branch": "Mazatenango", "label": "2 hrs", "minutes": 120, "color": "#F58231", "title": "Mazatenango — hasta 2 hrs"}, "geometry": {"type": "Polygon", "coordinates": [[[-91.55685889603025, 14.418668225848789], [-91.55786941317992, 14.4588805791181], [-91.58847135079408, 14.461529474820084], [-91.61427949631226, 14.475324215997794], [-91.63284409482613, 14.49794524473805], [-91.64025889603025, 14.51866822584879], [-91.63599096493834, 14.562001257427383], [-91.60809483690261, 14.595823809213158], [-91.60507052517991, 14.621771350794084], [-91.5912757840022, 14.647579496312273], [-91.56200125742738, 14.669290964938346], [-91.5333, 14.674999999999999], [-91.50459874257261, 14.669290964938346], [-91.47951676327499, 14.652205259397896], [-91.44264871447528, 14.657938854500415], [-91.40242050368774, 14.641275784002204], [-91.38385590517387, 14.61865475526195], [-91.3762087544671, 14.596365401037634], [-91.35433977907732, 14.57496776747647], [-91.34314110396976, 14.54793177415121], [-91.34958407831189, 14.5], [-91.34206114549958, 14.459348714475283], [-91.3587242159978, 14.419120503687726], [-91.38799874257262, 14.397409035061653], [-91.42077905111316, 14.391900390931237], [-91.45459874257261, 14.364009035061652], [-91.49793177415121, 14.359741103969757], [-91.52496776747647, 14.370939779077307], [-91.54566022092268, 14.391632232523529], [-91.55685889603025, 14.418668225848789]]]}}, {"type": "Feature", "properties": {"kind": "coverage", "branch": "Mazatenango", "label": "3 hrs", "minutes": 180, "color": "#F58231", "title": "Mazatenango — hasta 3 hrs"}, "geometry": {"type": "Polygon", "coordinates": [[[-91.46400903506165, 14.287998742572618], [-91.48572050368773, 14.258724215997795], [-91.51866822584878, 14.243141103969759], [-91.55507135079408, 14.244929474820085], [-91.586333008589, 14.263666991411009], [-91.60685889603025, 14.30206822584879], [-91.60507052517991, 14.338471350794086], [-91.58087949631226, 14.374675784002205], [-91.54496776597546, 14.390698565110066], [-91.55560191912492, 14.413650092751745], [-91.5979317741512, 14.409741103969758], [-91.63087949631226, 14.425324215997794], [-91.65259096493834, 14.454598742572617], [-91.65793885450042, 14.490651285524716], [-91.63599096493834, 14.562001257427383], [-91.60809483690261, 14.59582380921316], [-91.60259096493834, 14.628701257427382], [-91.58087949631226, 14.657975784002204], [-91.56200125742738, 14.669290964938346], [-91.5333, 14.674999999999999], [-91.50459874257261, 14.669290964938346], [-91.48155697631834, 14.654202182757837], [-91.45205475526195, 14.682844094826127], [-91.40934871447529, 14.691338854500415], [-91.38134524473806, 14.682844094826127], [-91.3587242159978, 14.664279496312274], [-91.34492947482009, 14.638471350794084], [-91.34227842613488, 14.607883927413772], [-91.31464524473805, 14.599444094826127], [-91.29202421599778, 14.580879496312274], [-91.27822947482008, 14.555071350794085], [-91.2751503467015, 14.530239622585137], [-91.23847135079409, 14.555070525179916], [-91.20934871447528, 14.557938854500415], [-91.18799874257262, 14.552590964938346], [-91.163666991411, 14.536333008588992], [-91.15055590517387, 14.51865475526195], [-91.14206114549958, 14.475948714475283], [-91.15055590517387, 14.44794524473805], [-91.163666991411, 14.430266991411008], [-91.18799874257262, 14.414009035061653], [-91.20934871447528, 14.408661145499584], [-91.24540125742739, 14.414009035061653], [-91.269733008589, 14.430266991411008], [-91.28599096493835, 14.454598742572617], [-91.2915496532985, 14.486360377414863], [-91.31464524473805, 14.467155905173874], [-91.34215221189571, 14.458734794700039], [-91.35055590517388, 14.431345244738049], [-91.36912050368774, 14.408724215997793], [-91.39492864920592, 14.394929474820083], [-91.42077905111316, 14.391900390931237], [-91.44163223252353, 14.370939779077307], [-91.47163223402454, 14.359301434889934], [-91.45866114549958, 14.324051285524718], [-91.46400903506165, 14.287998742572618]]]}}, {"type": "Feature", "properties": {"kind": "coverage", "branch": "Mazatenango", "label": "6 hrs", "minutes": 360, "color": "#F58231", "title": "Mazatenango — hasta 6 hrs"}, "geometry": {"type": "Polygon", "coordinates": [[[-91.46400903506165, 14.287998742572618], [-91.49163223252353, 14.25433977907731], [-91.52594871447528, 14.242061145499585], [-91.56200125742738, 14.247409035061654], [-91.5912757840022, 14.269120503687727], [-91.60685889603025, 14.30206822584879], [-91.60259096493834, 14.345401257427383], [-91.58087949631226, 14.374675784002205], [-91.54496776597546, 14.390698565110066], [-91.55560191912492, 14.413650092751745], [-91.59065128552471, 14.408661145499584], [-91.63281690127992, 14.427080177505475], [-91.67177135079409, 14.428229474820084], [-91.70797578400222, 14.452420503687726], [-91.72480421231039, 14.496014650022572], [-91.75797578400221, 14.519120503687727], [-91.77355889603025, 14.55206822584879], [-91.76929096493835, 14.595401257427383], [-91.74757949631227, 14.624675784002205], [-91.70735128552472, 14.641338854500416], [-91.6704197968132, 14.63557525455423], [-91.65708148699221, 14.646431187775194], [-91.63633300858899, 14.686333008588992], [-91.5979317741512, 14.706858896030242], [-91.55459874257261, 14.702590964938347], [-91.52023459896236, 14.673791245532898], [-91.48155697631834, 14.654202182757837], [-91.44540125742739, 14.685990964938346], [-91.4020682258488, 14.690258896030242], [-91.36366699141101, 14.669733008588992], [-91.35055590517388, 14.65205475526195], [-91.34211607258624, 14.624421573865112], [-91.31152864920591, 14.621770525179917], [-91.28572050368773, 14.607975784002207], [-91.26152930944004, 14.571770690559955], [-91.23380475151833, 14.55623944744693], [-91.20206822584879, 14.556858896030242], [-91.16912050368774, 14.541275784002206], [-91.15055590517387, 14.51865475526195], [-91.14190078827421, 14.487387139215206], [-91.10507135079408, 14.505070525179915], [-91.06866822584878, 14.506858896030241], [-91.03572050368773, 14.491275784002205], [-91.01400903506165, 14.462001257427382], [-91.00974110396974, 14.418668225848789], [-91.01715590517387, 14.397945244738048], [-91.03572050368773, 14.375324215997793], [-91.07594871447527, 14.358661145499584], [-91.11295019834313, 14.364457850689202], [-91.13799874257262, 14.347409035061654], [-91.1667, 14.341700000000001], [-91.19540125742739, 14.347409035061654], [-91.219733008589, 14.363666991411009], [-91.23599096493835, 14.387998742572618], [-91.2414992117258, 14.412612860784794], [-91.26619524848167, 14.427060552553069], [-91.31200125742738, 14.430709035061653], [-91.34278666109495, 14.454457685619754], [-91.35433977907732, 14.42503223252353], [-91.37503223252354, 14.404339779077308], [-91.42077905111316, 14.391900390931237], [-91.44163223252353, 14.370939779077307], [-91.47163223402454, 14.359301434889934], [-91.45866114549958, 14.324051285524718], [-91.46400903506165, 14.287998742572618]]]}}, {"type": "Feature", "properties": {"kind": "store", "branch": "Villa Lobos", "color": "#911EB4", "name": "Villa Lobos"}, "geometry": {"type": "Point", "coordinates": [-90.572, 14.545]}}, {"type": "Feature", "properties": {"kind": "coverage", "branch": "Villa Lobos", "label": "10 min", "minutes": 10, "color": "#911EB4", "title": "Villa Lobos — hasta 10 min"}, "geometry": {"type": "Polygon", "coordinates": [[[-90.54214445819984, 14.542059485790114], [-90.5529682014751, 14.521809686399118], [-90.57494051420989, 14.515144458199835], [-90.59519031360088, 14.52596820147509], [-90.60185554180016, 14.547940514209886], [-90.59103179852491, 14.568190313600882], [-90.56905948579012, 14.574855541800165], [-90.54880968639912, 14.56403179852491], [-90.54214445819984, 14.542059485790114]]]}}, {"type": "Feature", "properties": {"kind": "coverage", "branch": "Villa Lobos", "label": "45 min", "minutes": 45, "color": "#911EB4", "title": "Villa Lobos — hasta 45 min"}, "geometry": {"type": "Polygon", "coordinates": [[[-90.51364110396975, 14.51226822584879], [-90.52483977907731, 14.48523223252353], [-90.54553223252353, 14.464539779077308], [-90.57256822584878, 14.453341103969757], [-90.60183177415121, 14.453341103969757], [-90.62886776747646, 14.464539779077308], [-90.64956022092268, 14.48523223252353], [-90.66075889603025, 14.51226822584879], [-90.66075889603025, 14.54153177415121], [-90.6451757840022, 14.574479496312273], [-90.62255475526194, 14.593044094826126], [-90.60183177415121, 14.600458896030242], [-90.56789848379988, 14.599289186539533], [-90.54314729033952, 14.605423558412097], [-90.52778679656441, 14.597213203435597], [-90.52029178992804, 14.584708540317635], [-90.51364110396975, 14.51226822584879]]]}}, {"type": "Feature", "properties": {"kind": "coverage", "branch": "Villa Lobos", "label": "1 hr", "minutes": 60, "color": "#911EB4", "title": "Villa Lobos — hasta 1 hr"}, "geometry": {"type": "Polygon", "coordinates": [[[-90.63477949631226, 14.468924215997793], [-90.67306231510794, 14.51693718952355], [-90.67306231510794, 14.54306281047645], [-90.66181980515339, 14.561819805153394], [-90.62886776747646, 14.589260220922691], [-90.60183177415121, 14.600458896030242], [-90.56789848379988, 14.599289186539533], [-90.549, 14.606], [-90.51005591163091, 14.586667106990589], [-90.50514445819984, 14.567059485790114], [-90.51514910917273, 14.547552068388537], [-90.51542947482008, 14.505128649205915], [-90.52922421599779, 14.479320503687726], [-90.54553223252353, 14.464539779077308], [-90.57984871447528, 14.452261145499584], [-90.60897135079408, 14.455129474820083], [-90.63477949631226, 14.468924215997793]]]}}, {"type": "Feature", "properties": {"kind": "coverage", "branch": "Villa Lobos", "label": "2 hrs", "minutes": 120, "color": "#911EB4", "title": "Villa Lobos — hasta 2 hrs"}, "geometry": {"type": "Polygon", "coordinates": [[[-90.56802050368773, 14.428924215997794], [-90.60096822584879, 14.413341103969758], [-90.63737135079408, 14.415129474820084], [-90.668633008589, 14.433866991411008], [-90.68737052517992, 14.465128649205916], [-90.68915889603025, 14.50153177415121], [-90.66968645689568, 14.55121285315717], [-90.61954275481817, 14.594468664941003], [-90.65030058509323, 14.610263665492392], [-90.66062209074343, 14.625710890327857], [-90.65822148045915, 14.650084695578432], [-90.63928910967213, 14.66562209074343], [-90.62071089032786, 14.66562209074343], [-90.58969941490676, 14.649736334507608], [-90.56505591163092, 14.626667106990588], [-90.56071177688139, 14.603607001562127], [-90.54029145968238, 14.604708210071967], [-90.5137867965644, 14.591213203435597], [-90.5055764415879, 14.575852709660484], [-90.50728339525506, 14.558520108449136], [-90.48882947482008, 14.527571350794085], [-90.48704110396974, 14.49116822584879], [-90.50262421599778, 14.458220503687727], [-90.53189874257261, 14.436509035061654], [-90.56802050368773, 14.428924215997794]]]}}, {"type": "Feature", "properties": {"kind": "store", "branch": "Puerto Barrios", "color": "#00A8C6", "name": "Puerto Barrios"}, "geometry": {"type": "Point", "coordinates": [-88.5944, 15.7278]}}, {"type": "Feature", "properties": {"kind": "coverage", "branch": "Puerto Barrios", "label": "10 min", "minutes": 10, "color": "#00A8C6", "title": "Puerto Barrios — hasta 10 min"}, "geometry": {"type": "Polygon", "coordinates": [[[-88.56454445819983, 15.724859485790114], [-88.57536820147509, 15.704609686399118], [-88.59734051420988, 15.697944458199835], [-88.61759031360087, 15.70876820147509], [-88.62425554180015, 15.730740514209886], [-88.6134317985249, 15.750990313600882], [-88.59145948579011, 15.757655541800165], [-88.57120968639911, 15.74683179852491], [-88.56454445819983, 15.724859485790114]]]}}, {"type": "Feature", "properties": {"kind": "coverage", "branch": "Puerto Barrios", "label": "45 min", "minutes": 45, "color": "#00A8C6", "title": "Puerto Barrios — hasta 45 min"}, "geometry": {"type": "Polygon", "coordinates": [[[-88.56728361402466, 15.708519497029048], [-88.60521949702904, 15.67228361402466], [-88.62255270966048, 15.670576441587903], [-88.64441638597533, 15.688519497029047], [-88.64742355841209, 15.750852709660483], [-88.62948050297095, 15.772716385975338], [-88.60385809789521, 15.77145763793045], [-88.58096820147509, 15.758190313600881], [-88.56668361402465, 15.739280502970953], [-88.56728361402466, 15.708519497029048]]]}}, {"type": "Feature", "properties": {"kind": "coverage", "branch": "Puerto Barrios", "label": "1 hr", "minutes": 60, "color": "#00A8C6", "title": "Puerto Barrios — hasta 1 hr"}, "geometry": {"type": "Polygon", "coordinates": [[[-88.59842542103699, 15.66277924554357], [-88.61499933951411, 15.642583867446385], [-88.64441077131482, 15.635216687299751], [-88.68500066048588, 15.652583867446385], [-88.69968645689568, 15.66878714684283], [-88.70478331270024, 15.685589228685169], [-88.70026009371735, 15.709999999999999], [-88.70413533761814, 15.738779064490727], [-88.68968645689569, 15.78121285315717], [-88.67121285315717, 15.799686456895676], [-88.65, 15.805], [-88.60777924554357, 15.796574578963009], [-88.59318019484661, 15.786819805153396], [-88.58082964087365, 15.763542968659994], [-88.56354236206955, 15.74914190210478], [-88.5555764415879, 15.730852709660484], [-88.55728361402466, 15.713519497029047], [-88.58893653104508, 15.688651085141744], [-88.59842542103699, 15.66277924554357]]]}}, {"type": "Feature", "properties": {"kind": "coverage", "branch": "Puerto Barrios", "label": "2 hrs", "minutes": 120, "color": "#00A8C6", "title": "Puerto Barrios — hasta 2 hrs"}, "geometry": {"type": "MultiPolygon", "coordinates": [[[[-88.76258386744638, 15.474999339514119], [-88.78693718952354, 15.45693768489205], [-88.81306281047645, 15.45693768489205], [-88.85181980515338, 15.488180194846604], [-88.86413533761814, 15.511220935509273], [-88.86306231510794, 15.53306281047645], [-88.85181980515338, 15.551819805153395], [-88.82241156783401, 15.564881527269309], [-88.80854769778736, 15.584785470401323], [-88.78877906449073, 15.594135337618146], [-88.76277924554357, 15.591574578963009], [-88.72499933951411, 15.570716132553615], [-88.70586466238186, 15.542079064490727], [-88.70586466238186, 15.524520935509274], [-88.71521452959868, 15.504752302212637], [-88.73277924554357, 15.491725421036993], [-88.75646568832515, 15.488821505443788], [-88.76258386744638, 15.474999339514119]]], [[[-88.64588386744639, 15.591699339514118], [-88.66208714684284, 15.577013543104323], [-88.6833, 15.5717], [-88.70451285315717, 15.577013543104323], [-88.72071613255362, 15.591699339514118], [-88.74413533761815, 15.641220935509274], [-88.73741652843363, 15.674999999999999], [-88.74464294473619, 15.705357055263816], [-88.77854769778736, 15.715214529598677], [-88.79372344239539, 15.739576557604602], [-88.81184769778736, 15.748514529598678], [-88.824874578963, 15.76607924554357], [-88.82636231510794, 15.79636281047645], [-88.80830066048588, 15.820716132553615], [-88.7833, 15.8283], [-88.75829933951411, 15.820716132553615], [-88.73957655760461, 15.793723442395398], [-88.71258386744638, 15.775000660485881], [-88.70535705526382, 15.744642944736183], [-88.68478547040132, 15.788547697787363], [-88.65441077131483, 15.804783312700248], [-88.60378714684283, 15.794686456895677], [-88.56505591163092, 15.751667106990588], [-88.5555764415879, 15.730852709660484], [-88.55854236206955, 15.710858097895219], [-88.58893653104508, 15.688651085141744], [-88.61145230221264, 15.645214529598677], [-88.64228905292524, 15.635112453959172], [-88.63851668729976, 15.612289228685169], [-88.64588386744639, 15.591699339514118]]]]}}, {"type": "Feature", "properties": {"kind": "coverage", "branch": "Puerto Barrios", "label": "3 hrs", "minutes": 180, "color": "#00A8C6", "title": "Puerto Barrios — hasta 3 hrs"}, "geometry": {"type": "MultiPolygon", "coordinates": [[[[-88.91031354310432, 15.32878714684283], [-88.93277924554357, 15.308425421036992], [-88.95877906449073, 15.305864662381854], [-88.98181980515339, 15.318180194846605], [-88.99413533761815, 15.341220935509273], [-88.99157457896301, 15.36722075445643], [-88.97854769778736, 15.384785470401322], [-88.95877906449073, 15.394135337618145], [-88.93563361082575, 15.392595887191694], [-88.94500000000001, 15.42], [-88.93478547040132, 15.448547697787363], [-88.90473518976854, 15.464735189768541], [-88.89181980515339, 15.491819805153396], [-88.8678523979701, 15.504272795611602], [-88.86306231510794, 15.53306281047645], [-88.85181980515338, 15.551819805153395], [-88.82241156783401, 15.564881527269309], [-88.80121285315717, 15.589686456895677], [-88.76693718952355, 15.59306231510795], [-88.72145230221264, 15.568085470401323], [-88.70693768489205, 15.54636281047645], [-88.70693768489205, 15.52023718952355], [-88.72499933951411, 15.495883867446386], [-88.75646568832515, 15.488821505443788], [-88.76258347156637, 15.475], [-88.75521668729975, 15.445589228685169], [-88.76521452959868, 15.421452302212636], [-88.7895765576046, 15.4062765576046], [-88.8014801948466, 15.384880194846605], [-88.83693718952354, 15.356937684892051], [-88.86306281047645, 15.356937684892051], [-88.88836375332792, 15.376580349261175], [-88.91436638917426, 15.377404112808305], [-88.90521668729976, 15.35441077131483], [-88.91031354310432, 15.32878714684283]]], [[[-88.72071613255362, 15.591699339514118], [-88.74478331270025, 15.64558922868517], [-88.73741652843363, 15.674999999999999], [-88.74464294473619, 15.705357055263816], [-88.77500066048589, 15.712583867446385], [-88.79372344239539, 15.739576557604602], [-88.82071613255361, 15.758299339514119], [-88.8283, 15.7833], [-88.81808547040131, 15.811847697787364], [-88.79207906449072, 15.827435337618146], [-88.76208714684283, 15.822986456895677], [-88.73957655760461, 15.793723442395398], [-88.71258386744638, 15.775000660485881], [-88.70535705526382, 15.744642944736183], [-88.68741613255362, 15.785000660485881], [-88.66722075445644, 15.801574578963008], [-88.64122093550928, 15.804135337618145], [-88.59645230221264, 15.789785470401323], [-88.58082964087365, 15.763542968659994], [-88.56354236206955, 15.74914190210478], [-88.55629178992803, 15.716291459682365], [-88.56596820147509, 15.701809686399118], [-88.58893653104508, 15.688651085141744], [-88.60818019484661, 15.648180194846605], [-88.64228905292524, 15.635112453959172], [-88.63851668729976, 15.612289228685169], [-88.64851452959869, 15.588152302212636], [-88.67023718952355, 15.57363768489205], [-88.70052075445643, 15.575125421036992], [-88.72071613255362, 15.591699339514118]]]]}}, {"type": "Feature", "properties": {"kind": "store", "branch": "Quetzaltenango", "color": "#F032E6", "name": "Quetzaltenango"}, "geometry": {"type": "Point", "coordinates": [-91.55013, 14.86831]}}, {"type": "Feature", "properties": {"kind": "coverage", "branch": "Quetzaltenango", "label": "45 min", "minutes": 45, "color": "#F032E6", "title": "Quetzaltenango — hasta 45 min"}, "geometry": {"type": "Polygon", "coordinates": [[[-91.62822864920592, 14.778229474820083], [-91.66463177415122, 14.776441103969757], [-91.703033008589, 14.796966991411008], [-91.72355889603026, 14.83536822584879], [-91.71929096493835, 14.878701257427382], [-91.66427949631226, 14.941275784002205], [-91.62054766232184, 14.958110976471152], [-91.62177052517991, 15.005071350794084], [-91.59757949631226, 15.041275784002204], [-91.55735128552472, 15.057938854500415], [-91.52129874257261, 15.052590964938346], [-91.48763977907731, 15.02496776747647], [-91.47520325125755, 14.97916272560709], [-91.44740903506165, 14.945401257427383], [-91.44190039093124, 14.879220948886843], [-91.40242050368774, 14.857975784002207], [-91.38385590517387, 14.835354755261951], [-91.37536114549958, 14.807351285524717], [-91.38070903506166, 14.771298742572618], [-91.40833223252353, 14.737639779077309], [-91.45, 14.725000000000001], [-91.47870125742739, 14.730709035061654], [-91.56346870104952, 14.7751587435381], [-91.60835, 14.787629129661745], [-91.62822864920592, 14.778229474820083]]]}}, {"type": "Feature", "properties": {"kind": "coverage", "branch": "Quetzaltenango", "label": "1 hr", "minutes": 60, "color": "#F032E6", "title": "Quetzaltenango — hasta 1 hr"}, "geometry": {"type": "Polygon", "coordinates": [[[-91.58608213356486, 14.7776310070591], [-91.62129874257262, 14.747409035061654], [-91.64264871447529, 14.742061145499585], [-91.67177135079409, 14.744929474820085], [-91.69757949631227, 14.758724215997795], [-91.71614409482613, 14.78134524473805], [-91.72355889603026, 14.80206822584879], [-91.72355889603026, 14.86463177415121], [-91.71614409482613, 14.88535475526195], [-91.6899924670115, 14.91569541841649], [-91.6746757840022, 14.947579496312274], [-91.65205475526194, 14.966144094826127], [-91.62443608809897, 14.974581774430556], [-91.62177052517991, 15.005071350794084], [-91.603033008589, 15.036333008588992], [-91.57177135079408, 15.055070525179916], [-91.53536822584879, 15.056858896030242], [-91.51464524473805, 15.049444094826127], [-91.49202421599779, 15.030879496312274], [-91.47822947482008, 15.005071350794084], [-91.47520325125755, 14.97916272560709], [-91.45417619078684, 14.958094836902607], [-91.41464524473805, 14.949444094826127], [-91.38385590517387, 14.91865475526195], [-91.375, 14.8833], [-91.38762912966175, 14.84165], [-91.37644110396975, 14.814631774151211], [-91.37644110396975, 14.78536822584879], [-91.38385590517387, 14.76464524473805], [-91.40242050368774, 14.742024215997795], [-91.47594871447528, 14.708661145499585], [-91.50507135079408, 14.711529474820084], [-91.53087949631227, 14.725324215997794], [-91.56346870104952, 14.7751587435381], [-91.58608213356486, 14.7776310070591]]]}}, {"type": "Feature", "properties": {"kind": "coverage", "branch": "Quetzaltenango", "label": "1.5 hrs", "minutes": 90, "color": "#F032E6", "title": "Quetzaltenango — hasta 1.5 hrs"}, "geometry": {"type": "Polygon", "coordinates": [[[-91.58608213356486, 14.7776310070591], [-91.62129874257262, 14.747409035061654], [-91.64264871447529, 14.742061145499585], [-91.67177135079409, 14.744929474820085], [-91.69757949631227, 14.758724215997795], [-91.72177052517992, 14.794928649205916], [-91.72379124553291, 14.836934598962369], [-91.74566022092269, 14.85833223252353], [-91.75685889603025, 14.88536822584879], [-91.75685889603025, 14.91463177415121], [-91.74127578400221, 14.947579496312274], [-91.71200125742739, 14.969290964938347], [-91.67887509441839, 14.974782618328248], [-91.69149674874244, 15.020837274392903], [-91.71929096493835, 15.054598742572617], [-91.72463885450043, 15.090651285524716], [-91.71614409482613, 15.11865475526195], [-91.703033008589, 15.136333008588991], [-91.66463177415122, 15.156858896030242], [-91.6353682258488, 15.156858896030242], [-91.60242050368774, 15.141275784002204], [-91.58070903506166, 15.112001257427382], [-91.57520325125756, 15.079162725607096], [-91.55417619078683, 15.058094836902606], [-91.52129874257261, 15.052590964938346], [-91.496966991411, 15.036333008588992], [-91.48070903506165, 15.012001257427382], [-91.47520325125755, 14.97916272560709], [-91.45417619078684, 14.958094836902607], [-91.42822864920592, 14.955070525179917], [-91.40242050368774, 14.941275784002205], [-91.38385590517387, 14.91865475526195], [-91.37644110396975, 14.89793177415121], [-91.37644110396975, 14.86866822584879], [-91.38762912966175, 14.84165], [-91.37644110396975, 14.814631774151211], [-91.37644110396975, 14.78536822584879], [-91.38763977907732, 14.75833223252353], [-91.40833223252353, 14.737639779077309], [-91.46152864920592, 14.711529474820084], [-91.49065128552472, 14.708661145499585], [-91.51200125742739, 14.714009035061654], [-91.536333008589, 14.730266991411009], [-91.56346870104952, 14.7751587435381], [-91.58608213356486, 14.7776310070591]]]}}, {"type": "Feature", "properties": {"kind": "coverage", "branch": "Quetzaltenango", "label": "2 hrs", "minutes": 120, "color": "#F032E6", "title": "Quetzaltenango — hasta 2 hrs"}, "geometry": {"type": "Polygon", "coordinates": [[[-91.66400903506165, 14.687998742572617], [-91.680266991411, 14.663666991411008], [-91.69794524473805, 14.650555905173873], [-91.72594871447528, 14.642061145499584], [-91.74793177415121, 14.643141103969757], [-91.76865475526195, 14.650555905173873], [-91.79127578400221, 14.669120503687726], [-91.80259096493835, 14.687998742572617], [-91.8083, 14.7167], [-91.79944409482613, 14.75205475526195], [-91.78087949631227, 14.774675784002204], [-91.75507135079408, 14.788470525179916], [-91.7201798932255, 14.790483130703398], [-91.72379124553291, 14.836934598962369], [-91.75259096493835, 14.871298742572618], [-91.75685889603025, 14.91463177415121], [-91.74944409482613, 14.935354755261951], [-91.73087949631227, 14.957975784002205], [-91.70507135079409, 14.971770525179917], [-91.67887509441839, 14.974782618328248], [-91.69149674874244, 15.020837274392903], [-91.71929096493835, 15.054598742572617], [-91.72355889603026, 15.09793177415121], [-91.71614409482613, 15.11865475526195], [-91.69757949631227, 15.141275784002204], [-91.67870125742739, 15.152590964938346], [-91.65, 15.158299999999999], [-91.62129874257262, 15.152590964938346], [-91.60242050368774, 15.141275784002204], [-91.58070903506166, 15.112001257427382], [-91.57520325125756, 15.079162725607096], [-91.55417619078683, 15.058094836902606], [-91.52822864920591, 15.055070525179916], [-91.50242050368773, 15.041275784002206], [-91.47769808087507, 15.002949907248254], [-91.43536822584879, 15.006858896030241], [-91.396966991411, 14.986333008588991], [-91.37822947482009, 14.955071350794084], [-91.37706055255306, 14.91619524848167], [-91.36400903506166, 14.895401257427382], [-91.3583, 14.8667], [-91.36400903506166, 14.837998742572617], [-91.37708017750548, 14.81718309872007], [-91.38070903506166, 14.771298742572618], [-91.396966991411, 14.746966991411009], [-91.41464524473805, 14.733855905173874], [-91.46866822584879, 14.709741103969758], [-91.50507135079408, 14.711529474820084], [-91.54127578400221, 14.735720503687727], [-91.55718256194467, 14.770850204206086], [-91.58608213356486, 14.7776310070591], [-91.62129874257262, 14.747409035061654], [-91.6631201067745, 14.742916869296602], [-91.6583, 14.7167], [-91.66400903506165, 14.687998742572617]]]}}, {"type": "Feature", "properties": {"kind": "store", "branch": "Teculután", "color": "#7A8B00", "name": "Teculután"}, "geometry": {"type": "Point", "coordinates": [-89.72455, 14.98755]}}, {"type": "Feature", "properties": {"kind": "coverage", "branch": "Teculután", "label": "45 min", "minutes": 45, "color": "#7A8B00", "title": "Teculután — hasta 45 min"}, "geometry": {"type": "Polygon", "coordinates": [[[-89.70036822584879, 14.919541103969758], [-89.76306281047646, 14.916937684892051], [-89.78478547040132, 14.931452302212637], [-89.79413533761814, 14.951220935509275], [-89.79913533761814, 15.003779064490725], [-89.78978547040131, 15.023547697787363], [-89.75666776747647, 15.055460220922692], [-89.72963177415122, 15.066658896030242], [-89.70036822584879, 15.066658896030242], [-89.67333223252353, 15.055460220922692], [-89.65263977907732, 15.03476776747647], [-89.64144110396975, 15.00773177415121], [-89.64144110396975, 14.97846822584879], [-89.65263977907732, 14.95143223252353], [-89.67333223252353, 14.930739779077308], [-89.70036822584879, 14.919541103969758]]]}}, {"type": "Feature", "properties": {"kind": "coverage", "branch": "Teculután", "label": "1 hr", "minutes": 60, "color": "#7A8B00", "title": "Teculután — hasta 1 hr"}, "geometry": {"type": "Polygon", "coordinates": [[[-89.71715590517387, 14.914645244738049], [-89.73572050368773, 14.892024215997793], [-89.76152864920591, 14.878229474820083], [-89.79065128552472, 14.875361145499584], [-89.81865475526195, 14.883855905173872], [-89.8412757840022, 14.902420503687726], [-89.85507052517991, 14.928228649205915], [-89.85793885450042, 14.957351285524716], [-89.84944409482613, 14.98535475526195], [-89.82496776747647, 15.012360220922691], [-89.78871006903451, 15.024734220351299], [-89.76257949631227, 15.051075784002204], [-89.73677135079409, 15.064870525179916], [-89.70036822584879, 15.066658896030242], [-89.66402675470162, 15.047999869216284], [-89.65582096374997, 15.052075432086422], [-89.63633300858899, 15.086333008588992], [-89.60507135079408, 15.105070525179917], [-89.56152864920591, 15.105070525179917], [-89.52532421599778, 15.080879496312274], [-89.51152947482008, 15.055071350794085], [-89.50866114549957, 15.025948714475284], [-89.51715590517387, 14.99794524473805], [-89.53572050368773, 14.975324215997794], [-89.57594871447527, 14.958661145499585], [-89.62165776676106, 14.968955840998028], [-89.64548714684284, 14.943613543104323], [-89.71715590517387, 14.914645244738049]]]}}, {"type": "Feature", "properties": {"kind": "coverage", "branch": "Teculután", "label": "2 hrs", "minutes": 120, "color": "#7A8B00", "title": "Teculután — hasta 2 hrs"}, "geometry": {"type": "MultiPolygon", "coordinates": [[[[-89.9333, 14.841700000000001], [-89.96865475526195, 14.850555905173874], [-90.01808547040132, 14.888152302212637], [-90.0283, 14.9167], [-90.01808547040132, 14.945247697787364], [-89.97496776747647, 14.979060220922692], [-89.94793177415121, 14.990258896030243], [-89.87954871447528, 14.993238854500415], [-89.85013320626646, 14.98389775153679], [-89.82496776747647, 15.012360220922691], [-89.78871006903451, 15.024734220351299], [-89.76257949631227, 15.051075784002204], [-89.73677135079409, 15.064870525179916], [-89.70036822584879, 15.066658896030242], [-89.66402675470162, 15.047999869216284], [-89.65582096374997, 15.052075432086422], [-89.6412757840022, 15.080879496312274], [-89.61865475526194, 15.099444094826127], [-89.59065128552471, 15.107938854500416], [-89.56152864920591, 15.105070525179917], [-89.530266991411, 15.086333008588992], [-89.50916604453018, 15.044055038309072], [-89.47756699141101, 15.025233008588993], [-89.45882947482009, 14.993971350794085], [-89.45586466238186, 14.941220935509273], [-89.47145230221264, 14.915214529598677], [-89.5159682258488, 14.898641103969759], [-89.54417903625001, 14.897924567913584], [-89.55433977907731, 14.87503223252353], [-89.57503223252353, 14.854339779077309], [-89.62077905111316, 14.841900390931238], [-89.63572050368774, 14.825324215997794], [-89.66152864920592, 14.811529474820084], [-89.69065128552472, 14.808661145499585], [-89.72496776747647, 14.820939779077309], [-89.74944409482613, 14.84794524473805], [-89.75811097647116, 14.879452337678158], [-89.79065128552472, 14.875361145499584], [-89.82006679373353, 14.884702248463208], [-89.833866991411, 14.865566991411008], [-89.85819874257261, 14.849309035061653], [-89.9333, 14.841700000000001]]], [[[-89.37701354310433, 15.01208714684283], [-89.40363718952355, 14.990237684892051], [-89.43791285315717, 14.993613543104324], [-89.45976231510795, 15.02023718952355], [-89.45638645689569, 15.05451285315717], [-89.42976281047646, 15.07636231510795], [-89.39548714684284, 15.072986456895677], [-89.37363768489206, 15.04636281047645], [-89.37701354310433, 15.01208714684283]]]]}}, {"type": "Feature", "properties": {"kind": "store", "branch": "Atlántico", "color": "#D2691E", "name": "Atlántico"}, "geometry": {"type": "Point", "coordinates": [-90.488, 14.664]}}, {"type": "Feature", "properties": {"kind": "coverage", "branch": "Atlántico", "label": "10 min", "minutes": 10, "color": "#D2691E", "title": "Atlántico — hasta 10 min"}, "geometry": {"type": "Polygon", "coordinates": [[[-90.45814445819984, 14.661059485790114], [-90.46896820147509, 14.640809686399118], [-90.49094051420988, 14.634144458199835], [-90.51119031360088, 14.64496820147509], [-90.51785554180016, 14.666940514209886], [-90.5070317985249, 14.687190313600881], [-90.48505948579012, 14.693855541800165], [-90.46480968639912, 14.68303179852491], [-90.45814445819984, 14.661059485790114]]]}}, {"type": "Feature", "properties": {"kind": "coverage", "branch": "Atlántico", "label": "45 min", "minutes": 45, "color": "#D2691E", "title": "Atlántico — hasta 45 min"}, "geometry": {"type": "Polygon", "coordinates": [[[-90.45280968639912, 14.64696820147509], [-90.49, 14.626000000000001], [-90.50666710699058, 14.631055911630924], [-90.51771638597533, 14.644519497029048], [-90.51985554180015, 14.658940514209887], [-90.5070317985249, 14.687190313600881], [-90.46705948579012, 14.704855541800166], [-90.44680968639912, 14.694031798524911], [-90.44014445819984, 14.672059485790115], [-90.45280968639912, 14.64696820147509]]]}}, {"type": "Feature", "properties": {"kind": "coverage", "branch": "Atlántico", "label": "1 hr", "minutes": 60, "color": "#D2691E", "title": "Atlántico — hasta 1 hr"}, "geometry": {"type": "Polygon", "coordinates": [[[-90.46446667280486, 14.637439994865094], [-90.49585270966048, 14.626576441587904], [-90.51494408836908, 14.639332893009412], [-90.51985554180015, 14.658940514209887], [-90.51119031360088, 14.68303179852491], [-90.47500066048589, 14.717416132553614], [-90.44306281047646, 14.733062315107949], [-90.42122093550928, 14.734135337618145], [-90.39645230221264, 14.721785470401322], [-90.38021668729975, 14.69141077131483], [-90.39021452959868, 14.658452302212636], [-90.42193718952355, 14.638937684892051], [-90.46446667280486, 14.637439994865094]]]}}, {"type": "Feature", "properties": {"kind": "coverage", "branch": "Atlántico", "label": "2 hrs", "minutes": 120, "color": "#D2691E", "title": "Atlántico — hasta 2 hrs"}, "geometry": {"type": "Polygon", "coordinates": [[[-90.43177851954084, 14.589915304421568], [-90.45375710969547, 14.573614871027097], [-90.47777824745663, 14.578392972406318], [-90.4918459112535, 14.601863451509454], [-90.4845376585103, 14.625519790276519], [-90.51277824745664, 14.629392972406318], [-90.527, 14.656], [-90.52160702759369, 14.673778247456628], [-90.4998810852686, 14.692420564965055], [-90.49121320343559, 14.711213203435596], [-90.44060090332779, 14.734975887609586], [-90.45259096493835, 14.754598742572618], [-90.45830000000001, 14.7833], [-90.45259096493835, 14.812001257427383], [-90.436333008589, 14.836333008588992], [-90.40507135079409, 14.855070525179917], [-90.3686682258488, 14.856858896030243], [-90.33572050368774, 14.841275784002207], [-90.31645951662212, 14.81718236537744], [-90.26866822584878, 14.823558896030242], [-90.230266991411, 14.803033008588992], [-90.21152947482008, 14.771771350794085], [-90.20521668729975, 14.73771077131483], [-90.20842542103699, 14.71607924554357], [-90.22145230221264, 14.698514529598677], [-90.27982342163125, 14.659823421631259], [-90.29031354310432, 14.62878714684283], [-90.306966991411, 14.606966991411008], [-90.33822864920592, 14.588229474820084], [-90.37463177415121, 14.586441103969758], [-90.40757949631227, 14.602024215997794], [-90.42905124313076, 14.630791893395243], [-90.43453541523874, 14.624318653296244], [-90.42815408874648, 14.608136548490547], [-90.43177851954084, 14.589915304421568]]]}}, {"type": "Feature", "properties": {"kind": "coverage", "branch": "Atlántico", "label": "3 hrs", "minutes": 180, "color": "#D2691E", "title": "Atlántico — hasta 3 hrs"}, "geometry": {"type": "MultiPolygon", "coordinates": [[[[-90.48660702759368, 14.587221752543373], [-90.4918459112535, 14.608136548490547], [-90.4845376585103, 14.625519790276517], [-90.51530058509324, 14.631263665492392], [-90.52456414504037, 14.643754130164318], [-90.5263851289729, 14.662242890304517], [-90.4890317985249, 14.713190313600881], [-90.44060090332779, 14.734975887609586], [-90.45507052517992, 14.761528649205916], [-90.45793885450043, 14.790651285524717], [-90.44944409482613, 14.818654755261951], [-90.43087949631227, 14.841275784002205], [-90.39793177415122, 14.856858896030243], [-90.3686682258488, 14.856858896030243], [-90.33572050368774, 14.841275784002207], [-90.31645951662212, 14.81718236537744], [-90.26866822584878, 14.823558896030242], [-90.24794524473805, 14.816144094826127], [-90.22532421599779, 14.797579496312274], [-90.20974110396975, 14.76463177415121], [-90.20842542103699, 14.71607924554357], [-90.22145230221264, 14.698514529598677], [-90.27982342163125, 14.659823421631259], [-90.29031354310432, 14.62878714684283], [-90.306966991411, 14.606966991411008], [-90.32464524473805, 14.593855905173873], [-90.35073029997466, 14.585645715409042], [-90.34206114549958, 14.542648714475284], [-90.35055590517388, 14.51464524473805], [-90.36442474544577, 14.496280203186789], [-90.35866114549958, 14.474051285524716], [-90.36152947482009, 14.444928649205915], [-90.380266991411, 14.413666991411008], [-90.40459874257262, 14.397409035061653], [-90.4333, 14.3917], [-90.46200125742739, 14.397409035061653], [-90.486333008589, 14.413666991411008], [-90.50259096493835, 14.437998742572617], [-90.50793885450042, 14.474051285524716], [-90.49944409482613, 14.50205475526195], [-90.48557525455423, 14.520419796813211], [-90.49170000000001, 14.55], [-90.48660702759368, 14.587221752543373]]], [[[-90.00830066048589, 14.879283867446386], [-90.03599096493835, 14.921298742572617], [-90.0417, 14.95], [-90.03284409482613, 14.98535475526195], [-90.00205475526195, 15.016144094826126], [-89.9667, 15.024999999999999], [-89.93134524473805, 15.016144094826126], [-89.86715590517387, 14.952054755261951], [-89.85866114549958, 14.924051285524717], [-89.86152947482009, 14.894928649205916], [-89.8753242159978, 14.869120503687727], [-89.89794524473805, 14.850555905173874], [-89.92594871447528, 14.842061145499585], [-89.95507135079409, 14.844929474820084], [-90.00830066048589, 14.879283867446386]]]]}}, {"type": "Feature", "properties": {"kind": "store", "branch": "Petén", "color": "#2E8B57", "name": "Petén"}, "geometry": {"type": "Point", "coordinates": [-89.89, 16.92]}}, {"type": "Feature", "properties": {"kind": "coverage", "branch": "Petén", "label": "10 min", "minutes": 10, "color": "#2E8B57", "title": "Petén — hasta 10 min"}, "geometry": {"type": "Polygon", "coordinates": [[[-89.86014445819984, 16.917059485790116], [-89.8709682014751, 16.89680968639912], [-89.89294051420988, 16.890144458199835], [-89.91319031360088, 16.90096820147509], [-89.91985554180016, 16.922940514209888], [-89.90903179852491, 16.943190313600883], [-89.88705948579012, 16.94985554180017], [-89.86680968639912, 16.939031798524912], [-89.86014445819984, 16.917059485790116]]]}}, {"type": "Feature", "properties": {"kind": "coverage", "branch": "Petén", "label": "45 min", "minutes": 45, "color": "#2E8B57", "title": "Petén — hasta 45 min"}, "geometry": {"type": "MultiPolygon", "coordinates": [[[[-89.85464524473805, 16.853855905173877], [-89.92293177415121, 16.843141103969757], [-89.94996776747647, 16.854339779077307], [-89.97444409482613, 16.88134524473805], [-89.9833, 16.9167], [-89.97444409482613, 16.952054755261948], [-89.95587949631226, 16.974675784002205], [-89.93007135079408, 16.988470525179913], [-89.89, 16.995], [-89.86129874257261, 16.98929096493835], [-89.836966991411, 16.973033008588992], [-89.82070903506165, 16.948701257427384], [-89.815, 16.925], [-89.81822947482009, 16.898228649205915], [-89.83202421599779, 16.872420503687728], [-89.85464524473805, 16.853855905173877]]], [[[-89.64588386744639, 16.941699339514116], [-89.66208714684284, 16.927013543104323], [-89.6833, 16.921699999999998], [-89.73791285315717, 16.943613543104323], [-89.75976231510795, 16.970237189523548], [-89.75638645689568, 17.00451285315717], [-89.74170066048589, 17.020716132553613], [-89.7167, 17.0283], [-89.66208714684284, 17.006386456895676], [-89.64588386744639, 16.991700660485883], [-89.63916466238186, 16.975479064490724], [-89.64588386744639, 16.941699339514116]]]]}}, {"type": "Feature", "properties": {"kind": "coverage", "branch": "Petén", "label": "1 hr", "minutes": 60, "color": "#2E8B57", "title": "Petén — hasta 1 hr"}, "geometry": {"type": "MultiPolygon", "coordinates": [[[[-89.8853682258488, 16.75974110396976], [-89.91463177415122, 16.75974110396976], [-89.94166776747647, 16.77093977907731], [-89.95797578400222, 16.785720503687728], [-89.97177052517992, 16.811528649205915], [-89.97463885450043, 16.840651285524718], [-89.96602848042467, 16.868847646237516], [-89.98007052517991, 16.894928649205912], [-89.99170000000001, 16.9667], [-89.98599096493835, 16.995401257427382], [-89.969733008589, 17.01973300858899], [-89.93535475526195, 17.049444094826125], [-89.89264871447529, 17.057938854500414], [-89.87129874257262, 17.052590964938346], [-89.84696699141101, 17.03633300858899], [-89.83070903506166, 17.012001257427382], [-89.82519512723823, 16.987271906180503], [-89.81181980515339, 17.011819805153394], [-89.78441077131482, 17.02478331270025], [-89.75000869861456, 17.013477064367017], [-89.72976281047646, 17.02636231510795], [-89.70792093550928, 17.027435337618144], [-89.65148019484661, 16.998519805153393], [-89.6383, 16.9667], [-89.64361354310432, 16.94548714684283], [-89.65475230221264, 16.931914529598675], [-89.67023718952355, 16.92363768489205], [-89.69207906449073, 16.922564662381856], [-89.74669130138544, 16.949822935632984], [-89.77512328755573, 16.912509575849267], [-89.78258386744638, 16.884999339514117], [-89.7959355309111, 16.87202273591752], [-89.763666991411, 16.85303300858899], [-89.74492947482008, 16.821771350794087], [-89.74314110396975, 16.785368225848792], [-89.763666991411, 16.74696699141101], [-89.78799874257261, 16.730709035061654], [-89.82405128552472, 16.725361145499587], [-89.85205475526195, 16.733855905173876], [-89.8853682258488, 16.75974110396976]]], [[[-89.58763977907732, 16.62503223252353], [-89.60833223252354, 16.604339779077307], [-89.6353682258488, 16.593141103969757], [-89.66463177415122, 16.593141103969757], [-89.69166776747647, 16.604339779077307], [-89.71236022092269, 16.62503223252353], [-89.72355889603026, 16.65206822584879], [-89.72355889603026, 16.681331774151207], [-89.71236022092269, 16.708367767476467], [-89.69166776747647, 16.72906022092269], [-89.66463177415122, 16.74025889603024], [-89.6353682258488, 16.74025889603024], [-89.60833223252354, 16.72906022092269], [-89.58763977907732, 16.708367767476467], [-89.57644110396976, 16.681331774151207], [-89.57644110396976, 16.65206822584879], [-89.58763977907732, 16.62503223252353]]], [[[-89.57928386744638, 16.774999339514117], [-89.60792093550927, 16.755864662381857], [-89.64170066048588, 16.762583867446388], [-89.66083533761814, 16.791220935509276], [-89.65411613255361, 16.825000660485884], [-89.62547906449072, 16.844135337618145], [-89.59169933951411, 16.837416132553614], [-89.57256466238185, 16.808779064490725], [-89.57928386744638, 16.774999339514117]]]]}}, {"type": "Feature", "properties": {"kind": "coverage", "branch": "Petén", "label": "2 hrs", "minutes": 120, "color": "#2E8B57", "title": "Petén — hasta 2 hrs"}, "geometry": {"type": "MultiPolygon", "coordinates": [[[[-90.25055590517387, 16.581345244738053], [-90.26912050368773, 16.558724215997795], [-90.29492864920591, 16.544929474820087], [-90.32405128552472, 16.542061145499588], [-90.35205475526195, 16.550555905173876], [-90.3746757840022, 16.569120503687728], [-90.38847052517991, 16.594928649205915], [-90.39133885450042, 16.62405128552472], [-90.38284409482613, 16.65205475526195], [-90.36427949631226, 16.674675784002208], [-90.33847135079408, 16.688470525179916], [-90.30934871447528, 16.691338854500415], [-90.28134524473805, 16.682844094826127], [-90.25872421599779, 16.664279496312275], [-90.24492947482008, 16.638471350794088], [-90.24206114549958, 16.609348714475285], [-90.25055590517387, 16.581345244738053]]], [[[-90.07878714684283, 16.660313543104323], [-90.10441077131482, 16.65521668729975], [-90.13181980515338, 16.668180194846606], [-90.14413533761814, 16.691220935509275], [-90.14302763357522, 16.7131597388671], [-90.16973300858899, 16.73026699141101], [-90.18847052517991, 16.761528649205914], [-90.19133885450042, 16.790651285524717], [-90.18284409482612, 16.81865475526195], [-90.16427949631226, 16.841275784002207], [-90.13847135079408, 16.855070525179915], [-90.10206822584878, 16.856858896030243], [-90.063666991411, 16.83633300858899], [-90.04492947482008, 16.805071350794087], [-90.04416706625032, 16.764572354831035], [-90.02145230221264, 16.754785470401323], [-90.00693768489205, 16.73306281047645], [-90.00586466238185, 16.711220935509274], [-90.01818019484661, 16.688180194846606], [-90.03693718952354, 16.67693768489205], [-90.06163624667207, 16.676580349261172], [-90.07878714684283, 16.660313543104323]]], [[[-89.8853682258488, 16.75974110396976], [-89.91463177415122, 16.75974110396976], [-89.94166776747647, 16.77093977907731], [-89.95797578400222, 16.785720503687728], [-89.97177052517992, 16.811528649205915], [-89.97463885450043, 16.840651285524718], [-89.96602848042467, 16.868847646237516], [-89.98007052517991, 16.894928649205912], [-89.99170000000001, 16.9667], [-89.98599096493835, 16.995401257427382], [-89.969733008589, 17.01973300858899], [-89.93535475526195, 17.049444094826125], [-89.89264871447529, 17.057938854500414], [-89.87129874257262, 17.052590964938346], [-89.84696699141101, 17.03633300858899], [-89.83070903506166, 17.012001257427382], [-89.82519512723823, 16.987271906180503], [-89.81181980515339, 17.011819805153394], [-89.78441077131482, 17.02478331270025], [-89.75000869861456, 17.013477064367017], [-89.72976281047646, 17.02636231510795], [-89.70792093550928, 17.027435337618144], [-89.65148019484661, 16.998519805153393], [-89.6383, 16.9667], [-89.64361354310432, 16.94548714684283], [-89.65475230221264, 16.931914529598675], [-89.67023718952355, 16.92363768489205], [-89.69207906449073, 16.922564662381856], [-89.74669130138544, 16.949822935632984], [-89.77512328755573, 16.912509575849267], [-89.78258386744638, 16.884999339514117], [-89.7959355309111, 16.87202273591752], [-89.763666991411, 16.85303300858899], [-89.74492947482008, 16.821771350794087], [-89.74314110396975, 16.785368225848792], [-89.763666991411, 16.74696699141101], [-89.78799874257261, 16.730709035061654], [-89.82405128552472, 16.725361145499587], [-89.85205475526195, 16.733855905173876], [-89.8853682258488, 16.75974110396976]]], [[[-89.35433977907732, 16.47503223252353], [-89.37503223252354, 16.45433977907731], [-89.4020682258488, 16.443141103969758], [-89.43133177415122, 16.443141103969758], [-89.46427949631227, 16.458724215997794], [-89.48284409482613, 16.48134524473805], [-89.49025889603026, 16.50206822584879], [-89.49478331270025, 16.55441077131483], [-89.48478547040132, 16.578547697787364], [-89.46722075445643, 16.59157457896301], [-89.45, 16.595000000000002], [-89.39492864920592, 16.588470525179915], [-89.36912050368774, 16.574675784002206], [-89.35055590517388, 16.55205475526195], [-89.34314110396976, 16.53133177415121], [-89.34314110396976, 16.50206822584879], [-89.35433977907732, 16.47503223252353]]], [[[-89.58763977907732, 16.62503223252353], [-89.60833223252354, 16.604339779077307], [-89.6353682258488, 16.593141103969757], [-89.66463177415122, 16.593141103969757], [-89.69166776747647, 16.604339779077307], [-89.71236022092269, 16.62503223252353], [-89.72355889603026, 16.65206822584879], [-89.72355889603026, 16.681331774151207], [-89.71236022092269, 16.708367767476467], [-89.69166776747647, 16.72906022092269], [-89.66463177415122, 16.74025889603024], [-89.6353682258488, 16.74025889603024], [-89.60833223252354, 16.72906022092269], [-89.58763977907732, 16.708367767476467], [-89.57644110396976, 16.681331774151207], [-89.57644110396976, 16.65206822584879], [-89.58763977907732, 16.62503223252353]]], [[[-89.57928386744638, 16.774999339514117], [-89.60792093550927, 16.755864662381857], [-89.64170066048588, 16.762583867446388], [-89.66083533761814, 16.791220935509276], [-89.65411613255361, 16.825000660485884], [-89.62547906449072, 16.844135337618145], [-89.59169933951411, 16.837416132553614], [-89.57256466238185, 16.808779064490725], [-89.57928386744638, 16.774999339514117]]], [[[-89.08763977907732, 17.025032232523532], [-89.10833223252354, 17.00433977907731], [-89.1353682258488, 16.99314110396976], [-89.16463177415122, 16.99314110396976], [-89.19166776747647, 17.00433977907731], [-89.21236022092269, 17.025032232523532], [-89.22355889603026, 17.052068225848792], [-89.22355889603026, 17.08133177415121], [-89.21236022092269, 17.10836776747647], [-89.19166776747647, 17.129060220922693], [-89.16463177415122, 17.140258896030243], [-89.1353682258488, 17.140258896030243], [-89.10833223252354, 17.129060220922693], [-89.08763977907732, 17.10836776747647], [-89.07644110396976, 17.08133177415121], [-89.07644110396976, 17.052068225848792], [-89.08763977907732, 17.025032232523532]]]]}}, {"type": "Feature", "properties": {"kind": "coverage", "branch": "Petén", "label": "3 hrs", "minutes": 180, "color": "#2E8B57", "title": "Petén — hasta 3 hrs"}, "geometry": {"type": "MultiPolygon", "coordinates": [[[[-90.12093977907732, 16.47503223252353], [-90.14163223252353, 16.45433977907731], [-90.16866822584879, 16.443141103969758], [-90.19793177415121, 16.443141103969758], [-90.22496776747647, 16.45433977907731], [-90.24566022092269, 16.47503223252353], [-90.25685889603025, 16.50206822584879], [-90.25685889603025, 16.53133177415121], [-90.24566022092269, 16.55836776747647], [-90.22496776747647, 16.579060220922692], [-90.19793177415121, 16.590258896030242], [-90.16866822584879, 16.590258896030242], [-90.14163223252353, 16.579060220922692], [-90.12093977907732, 16.55836776747647], [-90.10974110396975, 16.53133177415121], [-90.10974110396975, 16.50206822584879], [-90.12093977907732, 16.47503223252353]]], [[[-90.25433977907731, 16.575032232523533], [-90.27503223252353, 16.55433977907731], [-90.30206822584879, 16.54314110396976], [-90.33133177415121, 16.54314110396976], [-90.35836776747647, 16.55433977907731], [-90.37906022092268, 16.575032232523533], [-90.39025889603025, 16.602068225848793], [-90.39025889603025, 16.63133177415121], [-90.37906022092268, 16.65836776747647], [-90.35836776747647, 16.679060220922693], [-90.33847135079408, 16.688470525179916], [-90.29330046895359, 16.687887952970303], [-90.29413533761814, 16.708779064490724], [-90.28478547040132, 16.728547697787363], [-90.26722075445643, 16.741574578963007], [-90.24464294473619, 16.744642944736185], [-90.24157457896301, 16.767220754456428], [-90.22500066048589, 16.787416132553613], [-90.19083633451571, 16.79403900008438], [-90.17906022092268, 16.82496776747647], [-90.15836776747646, 16.845660220922692], [-90.1167, 16.8583], [-90.07503223252353, 16.845660220922692], [-90.04740903506165, 16.812001257427383], [-90.04416706625032, 16.764572354831035], [-90.02145230221264, 16.754785470401323], [-90.00842542103699, 16.737220754456427], [-90.00521668729975, 16.715589228685168], [-90.01258386744638, 16.694999339514116], [-90.03277924554357, 16.67842542103699], [-90.06163624667207, 16.676580349261172], [-90.07878714684283, 16.660313543104323], [-90.10441077131482, 16.65521668729975], [-90.13478547040131, 16.671452302212636], [-90.14413533761814, 16.691220935509275], [-90.14302763357522, 16.7131597388671], [-90.16303013063461, 16.72439762326047], [-90.18277924554357, 16.708425421036992], [-90.20535705526382, 16.705357055263814], [-90.20693768489205, 16.686937189523547], [-90.21818019484661, 16.668180194846606], [-90.25239163997003, 16.655117493737507], [-90.2417, 16.6167], [-90.25433977907731, 16.575032232523533]]], [[[-90.36258386744639, 16.774999339514117], [-90.39122093550928, 16.755864662381857], [-90.42500066048589, 16.762583867446388], [-90.44413533761815, 16.791220935509276], [-90.43741613255362, 16.825000660485884], [-90.40877906449073, 16.844135337618145], [-90.37499933951412, 16.837416132553614], [-90.35586466238186, 16.808779064490725], [-90.36258386744639, 16.774999339514117]]], [[[-89.8853682258488, 16.75974110396976], [-89.91463177415122, 16.75974110396976], [-89.93535475526195, 16.767155905173876], [-89.953033008589, 16.78026699141101], [-89.96929096493835, 16.80459874257262], [-89.97463885450043, 16.840651285524718], [-89.96602848042467, 16.868847646237516], [-89.98185889603025, 16.90206822584879], [-89.9820527441951, 16.930024955973913], [-89.99478331270025, 16.985589228685168], [-89.99157457896301, 17.007220754456426], [-89.98181980515339, 17.02181980515339], [-89.92870125742739, 17.052590964938346], [-89.89264871447529, 17.057938854500414], [-89.85833223252354, 17.04566022092269], [-89.83753781347103, 17.024797648139934], [-89.82121285315716, 17.039686456895677], [-89.79558922868517, 17.04478331270025], [-89.77499933951411, 17.037416132553613], [-89.75000869861456, 17.013477064367017], [-89.72976281047646, 17.02636231510795], [-89.70792093550928, 17.027435337618144], [-89.65148019484661, 16.998519805153393], [-89.6383, 16.9667], [-89.64361354310432, 16.94548714684283], [-89.65475230221264, 16.931914529598675], [-89.67023718952355, 16.92363768489205], [-89.69207906449073, 16.922564662381856], [-89.74669130138544, 16.949822935632984], [-89.77512328755573, 16.912509575849267], [-89.78258386744638, 16.884999339514117], [-89.7959355309111, 16.87202273591752], [-89.75872421599779, 16.847579496312274], [-89.74295348714506, 16.81336696425713], [-89.72854769778736, 16.834785470401325], [-89.70877906449073, 16.844135337618145], [-89.67878714684284, 16.839686456895677], [-89.65835, 16.817009966778915], [-89.63392075445643, 16.84157457896301], [-89.6167, 16.845000000000002], [-89.59548714684283, 16.839686456895677], [-89.57928386744638, 16.825000660485884], [-89.57256466238185, 16.808779064490725], [-89.57363768489205, 16.78693718952355], [-89.5848801948466, 16.768180194846607], [-89.60363718952354, 16.75693768489205], [-89.62547906449072, 16.755864662381857], [-89.64524769778735, 16.765214529598676], [-89.65835, 16.782990033221086], [-89.67499933951412, 16.762583867446388], [-89.70441077131483, 16.75521668729975], [-89.72854769778736, 16.765214529598676], [-89.74295348714506, 16.78663303574287], [-89.75055590517387, 16.764645244738052], [-89.76912050368773, 16.742024215997795], [-89.78799874257261, 16.730709035061654], [-89.8167, 16.725], [-89.85205475526195, 16.733855905173876], [-89.8853682258488, 16.75974110396976]]], [[[-89.37093977907732, 16.15833223252353], [-89.40459874257262, 16.130709035061653], [-89.44793177415121, 16.126441103969757], [-89.486333008589, 16.14696699141101], [-89.50507052517992, 16.178228649205913], [-89.50793885450042, 16.207351285524716], [-89.49944409482613, 16.235354755261948], [-89.48087949631227, 16.257975784002205], [-89.45800343717403, 16.27072140789778], [-89.48599096493835, 16.30459874257262], [-89.49133885450043, 16.325948714475285], [-89.48847052517992, 16.355071350794088], [-89.469733008589, 16.38633300858899], [-89.43847135079409, 16.405070525179916], [-89.40934871447529, 16.407938854500415], [-89.38134524473806, 16.399444094826126], [-89.3587242159978, 16.380879496312275], [-89.34492947482009, 16.355071350794088], [-89.34206114549958, 16.325948714475285], [-89.35055590517388, 16.297945244738052], [-89.36912050368774, 16.275324215997795], [-89.39199656282598, 16.26257859210222], [-89.37093977907732, 16.241667767476468], [-89.35974110396975, 16.214631774151208], [-89.35974110396975, 16.18536822584879], [-89.37093977907732, 16.15833223252353]]], [[[-89.35433977907732, 16.47503223252353], [-89.37503223252354, 16.45433977907731], [-89.4020682258488, 16.443141103969758], [-89.43133177415122, 16.443141103969758], [-89.46427949631227, 16.458724215997794], [-89.48284409482613, 16.48134524473805], [-89.49025889603026, 16.50206822584879], [-89.49478331270025, 16.55441077131483], [-89.48478547040132, 16.578547697787364], [-89.46722075445643, 16.59157457896301], [-89.45, 16.595000000000002], [-89.39492864920592, 16.588470525179915], [-89.36912050368774, 16.574675784002206], [-89.35055590517388, 16.55205475526195], [-89.34314110396976, 16.53133177415121], [-89.34314110396976, 16.50206822584879], [-89.35433977907732, 16.47503223252353]]], [[[-89.58763977907732, 16.62503223252353], [-89.60833223252354, 16.604339779077307], [-89.6353682258488, 16.593141103969757], [-89.66463177415122, 16.593141103969757], [-89.69166776747647, 16.604339779077307], [-89.71236022092269, 16.62503223252353], [-89.72355889603026, 16.65206822584879], [-89.72355889603026, 16.681331774151207], [-89.71236022092269, 16.708367767476467], [-89.69166776747647, 16.72906022092269], [-89.66463177415122, 16.74025889603024], [-89.6353682258488, 16.74025889603024], [-89.60833223252354, 16.72906022092269], [-89.58763977907732, 16.708367767476467], [-89.57644110396976, 16.681331774151207], [-89.57644110396976, 16.65206822584879], [-89.58763977907732, 16.62503223252353]]], [[[-89.0920242159978, 17.019120503687727], [-89.11464524473806, 17.000555905173876], [-89.14264871447529, 16.992061145499587], [-89.17177135079409, 16.994929474820086], [-89.19757949631227, 17.008724215997795], [-89.21614409482613, 17.031345244738052], [-89.22463885450043, 17.059348714475284], [-89.22177052517992, 17.088471350794087], [-89.20797578400222, 17.114279496312275], [-89.18535475526195, 17.132844094826126], [-89.15735128552473, 17.141338854500415], [-89.12822864920592, 17.138470525179915], [-89.10242050368774, 17.124675784002207], [-89.08385590517388, 17.10205475526195], [-89.07536114549958, 17.074051285524718], [-89.07822947482009, 17.044928649205914], [-89.0920242159978, 17.019120503687727]]], [[[-89.60050968639912, 17.20296820147509], [-89.62075948579012, 17.192144458199834], [-89.6427317985249, 17.19880968639912], [-89.65355554180016, 17.219059485790115], [-89.64689031360088, 17.24103179852491], [-89.62664051420988, 17.25185554180017], [-89.60466820147509, 17.245190313600883], [-89.59384445819984, 17.224940514209887], [-89.60050968639912, 17.20296820147509]]]]}}, {"type": "Feature", "properties": {"kind": "store", "branch": "Huehuetenango", "color": "#9A6324", "name": "Huehuetenango"}, "geometry": {"type": "Point", "coordinates": [-91.4711, 15.3197]}}, {"type": "Feature", "properties": {"kind": "coverage", "branch": "Huehuetenango", "label": "10 min", "minutes": 10, "color": "#9A6324", "title": "Huehuetenango — hasta 10 min"}, "geometry": {"type": "Polygon", "coordinates": [[[-91.44124445819985, 15.316759485790113], [-91.4520682014751, 15.296509686399117], [-91.47404051420989, 15.289844458199834], [-91.49429031360089, 15.300668201475089], [-91.50095554180017, 15.322640514209885], [-91.49013179852491, 15.342890313600881], [-91.46815948579012, 15.349555541800164], [-91.44790968639913, 15.33873179852491], [-91.44124445819985, 15.316759485790113]]]}}, {"type": "Feature", "properties": {"kind": "coverage", "branch": "Huehuetenango", "label": "45 min", "minutes": 45, "color": "#9A6324", "title": "Huehuetenango — hasta 45 min"}, "geometry": {"type": "Polygon", "coordinates": [[[-91.48624289030452, 15.281614871027097], [-91.50262741699797, 15.29037258300203], [-91.5113851289729, 15.306757109695484], [-91.50322148045915, 15.350084695578433], [-91.47813654849054, 15.366845911253511], [-91.44291530442156, 15.358221480459147], [-91.4266148710271, 15.336242890304517], [-91.43377851954085, 15.306915304421567], [-91.45491530442156, 15.281778519540854], [-91.48624289030452, 15.281614871027097]]]}}, {"type": "Feature", "properties": {"kind": "coverage", "branch": "Huehuetenango", "label": "1 hr", "minutes": 60, "color": "#9A6324", "title": "Huehuetenango — hasta 1 hr"}, "geometry": {"type": "Polygon", "coordinates": [[[-91.41400903506165, 15.204598742572617], [-91.430266991411, 15.180266991411008], [-91.46152864920592, 15.161529474820084], [-91.49065128552472, 15.158661145499584], [-91.52496776747647, 15.170939779077308], [-91.54127578400221, 15.185720503687726], [-91.55507052517991, 15.211528649205915], [-91.55793885450042, 15.240651285524716], [-91.55078917246719, 15.265810827532803], [-91.57594871447527, 15.258661145499584], [-91.60507135079408, 15.261529474820083], [-91.65836776747646, 15.287639779077308], [-91.67906022092268, 15.30833223252353], [-91.6917, 15.35], [-91.67906022092268, 15.39166776747647], [-91.64540125742738, 15.419290964938346], [-91.62405128552471, 15.424638854500415], [-91.59492864920591, 15.421770525179916], [-91.530266991411, 15.386333008588991], [-91.51400903506165, 15.362001257427382], [-91.50834420643795, 15.33419984271684], [-91.50160702759368, 15.352778247456628], [-91.48462125943996, 15.365503245656168], [-91.47741613255361, 15.38500066048588], [-91.46500066048588, 15.397416132553614], [-91.44, 15.405], [-91.41499933951411, 15.397416132553614], [-91.40031354310432, 15.38121285315717], [-91.395, 15.36], [-91.40031354310432, 15.33878714684283], [-91.41232438862838, 15.324567746232047], [-91.405, 15.3], [-91.41739242506507, 15.269049364860548], [-91.40866114549958, 15.240651285524716], [-91.41400903506165, 15.204598742572617]]]}}, {"type": "Feature", "properties": {"kind": "coverage", "branch": "Huehuetenango", "label": "2 hrs", "minutes": 120, "color": "#9A6324", "title": "Huehuetenango — hasta 2 hrs"}, "geometry": {"type": "MultiPolygon", "coordinates": [[[[-91.41400903506165, 15.204598742572617], [-91.430266991411, 15.180266991411008], [-91.45459874257261, 15.164009035061653], [-91.47594871447528, 15.158661145499584], [-91.50507135079408, 15.161529474820084], [-91.536333008589, 15.180266991411008], [-91.55259096493835, 15.204598742572617], [-91.5583, 15.2333], [-91.55078917246719, 15.265810827532803], [-91.5833, 15.2583], [-91.61200125742738, 15.264009035061653], [-91.66427949631226, 15.292024215997793], [-91.68900191912492, 15.33035009275175], [-91.7167, 15.325000000000001], [-91.75, 15.332884078311892], [-91.79065128552472, 15.325361145499585], [-91.83087949631226, 15.342024215997794], [-91.84944409482613, 15.36464524473805], [-91.8583, 15.4], [-91.84944409482613, 15.435354755261951], [-91.82947217012183, 15.459019528240121], [-91.84025889603025, 15.48536822584879], [-91.84133885450042, 15.507351285524717], [-91.82467578400221, 15.547579496312274], [-91.79540125742739, 15.569290964938347], [-91.75206822584879, 15.573558896030242], [-91.71912050368773, 15.557975784002206], [-91.6956881501214, 15.52389170621637], [-91.66866822584879, 15.523558896030242], [-91.63598012703785, 15.508168333801647], [-91.59794524473806, 15.499444094826126], [-91.58026699141101, 15.486333008588991], [-91.56400903506166, 15.462001257427382], [-91.5583, 15.4333], [-91.56365009275176, 15.405601919124932], [-91.54163223252353, 15.395660220922691], [-91.52074381328666, 15.374640818307029], [-91.503033008589, 15.403033008588991], [-91.47177135079409, 15.421770525179916], [-91.43536822584879, 15.423558896030242], [-91.40242050368774, 15.407975784002204], [-91.38070903506166, 15.378701257427382], [-91.37536114549958, 15.342648714475283], [-91.38385590517387, 15.314645244738049], [-91.41739242506507, 15.269049364860548], [-91.40866114549958, 15.240651285524716], [-91.41400903506165, 15.204598742572617]]], [[[-91.39031354310433, 14.97878714684283], [-91.41693718952355, 14.95693768489205], [-91.45121285315717, 14.960313543104323], [-91.47306231510795, 14.98693718952355], [-91.46968645689569, 15.02121285315717], [-91.44306281047646, 15.04306231510795], [-91.40878714684284, 15.039686456895677], [-91.38693768489206, 15.01306281047645], [-91.39031354310433, 14.97878714684283]]], [[[-91.23385590517387, 15.314645244738049], [-91.25242050368773, 15.292024215997793], [-91.27822864920591, 15.278229474820083], [-91.30735128552472, 15.275361145499584], [-91.33535475526195, 15.283855905173873], [-91.3579757840022, 15.302420503687726], [-91.37177052517991, 15.328228649205915], [-91.37463885450042, 15.357351285524716], [-91.36614409482613, 15.38535475526195], [-91.34757949631226, 15.407975784002204], [-91.32177135079408, 15.421770525179916], [-91.29264871447528, 15.424638854500415], [-91.26464524473805, 15.416144094826127], [-91.24202421599779, 15.397579496312273], [-91.22822947482008, 15.371771350794084], [-91.22536114549958, 15.342648714475283], [-91.23385590517387, 15.314645244738049]]]]}}, {"type": "Feature", "properties": {"kind": "coverage", "branch": "Huehuetenango", "label": "3 hrs", "minutes": 180, "color": "#9A6324", "title": "Huehuetenango — hasta 3 hrs"}, "geometry": {"type": "MultiPolygon", "coordinates": [[[[-91.41715590517387, 15.19794524473805], [-91.43572050368773, 15.175324215997794], [-91.46152864920592, 15.161529474820084], [-91.49065128552472, 15.158661145499584], [-91.51865475526195, 15.167155905173873], [-91.54127578400221, 15.185720503687726], [-91.55507052517991, 15.211528649205915], [-91.55793885450042, 15.240651285524716], [-91.55078917246719, 15.265810827532803], [-91.5833, 15.2583], [-91.61200125742738, 15.264009035061653], [-91.66427949631226, 15.292024215997793], [-91.68900191912492, 15.33035009275175], [-91.7167, 15.325000000000001], [-91.75, 15.332884078311892], [-91.7833, 15.325000000000001], [-91.81865475526195, 15.333855905173873], [-91.836333008589, 15.346966991411009], [-91.85259096493834, 15.371298742572618], [-91.8583, 15.4], [-91.85347428818909, 15.426232534323969], [-91.8798201067745, 15.426216869296605], [-91.875, 15.4], [-91.88070903506166, 15.371298742572618], [-91.896966991411, 15.346966991411009], [-91.91464524473805, 15.333855905173873], [-91.95735128552472, 15.325361145499585], [-91.99757949631227, 15.342024215997794], [-92.01929096493835, 15.371298742572618], [-92.02355889603025, 15.41463177415121], [-92.01236022092269, 15.44166776747647], [-91.99166776747647, 15.462360220922692], [-91.96463177415121, 15.473558896030243], [-91.9368798932255, 15.473783130703396], [-91.9417, 15.5], [-91.93557525455422, 15.529580203186779], [-91.95259096493835, 15.554598742572617], [-91.95830000000001, 15.5833], [-91.95259096493835, 15.612001257427382], [-91.94127578400222, 15.630879496312273], [-91.91865475526195, 15.649444094826126], [-91.89793177415122, 15.656858896030242], [-91.85459874257262, 15.652590964938346], [-91.83026699141101, 15.636333008588991], [-91.81400903506166, 15.612001257427382], [-91.8083, 15.5833], [-91.81226653799145, 15.559468695640462], [-91.78133177415121, 15.573558896030242], [-91.74492864920592, 15.571770525179916], [-91.713666991411, 15.553033008588992], [-91.6956881501214, 15.52389170621637], [-91.67100680983476, 15.523905792195242], [-91.64757949631226, 15.557975784002204], [-91.6146317741512, 15.573558896030242], [-91.58536822584878, 15.573558896030242], [-91.55242050368773, 15.557975784002206], [-91.53070903506165, 15.528701257427382], [-91.52536114549957, 15.492648714475283], [-91.53763977907731, 15.45833223252353], [-91.55850802342371, 15.437534414066585], [-91.56365009275176, 15.40560191912493], [-91.54163223252353, 15.395660220922691], [-91.52074381328666, 15.374640818307029], [-91.49166776747647, 15.412360220922691], [-91.46463177415121, 15.423558896030242], [-91.44264871447528, 15.424638854500415], [-91.40833223252353, 15.412360220922691], [-91.38070903506166, 15.378701257427382], [-91.37536114549958, 15.357351285524716], [-91.37822947482009, 15.328228649205915], [-91.41739242506507, 15.269049364860548], [-91.4083, 15.2333], [-91.41715590517387, 15.19794524473805]]], [[[-91.39031354310433, 14.97878714684283], [-91.41693718952355, 14.95693768489205], [-91.45121285315717, 14.960313543104323], [-91.47306231510795, 14.98693718952355], [-91.46968645689569, 15.02121285315717], [-91.44306281047646, 15.04306231510795], [-91.40878714684284, 15.039686456895677], [-91.38693768489206, 15.01306281047645], [-91.39031354310433, 14.97878714684283]]], [[[-91.23385590517387, 15.314645244738049], [-91.25242050368773, 15.292024215997793], [-91.27822864920591, 15.278229474820083], [-91.30735128552472, 15.275361145499584], [-91.33535475526195, 15.283855905173873], [-91.3579757840022, 15.302420503687726], [-91.37177052517991, 15.328228649205915], [-91.37463885450042, 15.357351285524716], [-91.36614409482613, 15.38535475526195], [-91.34757949631226, 15.407975784002204], [-91.32177135079408, 15.421770525179916], [-91.29264871447528, 15.424638854500415], [-91.26464524473805, 15.416144094826127], [-91.24202421599779, 15.397579496312273], [-91.22822947482008, 15.371771350794084], [-91.22536114549958, 15.342648714475283], [-91.23385590517387, 15.314645244738049]]], [[[-91.38763977907732, 15.55833223252353], [-91.40833223252353, 15.537639779077308], [-91.43536822584879, 15.526441103969757], [-91.46463177415121, 15.526441103969757], [-91.49166776747647, 15.537639779077308], [-91.51236022092269, 15.55833223252353], [-91.52355889603025, 15.58536822584879], [-91.52355889603025, 15.61463177415121], [-91.51236022092269, 15.64166776747647], [-91.49166776747647, 15.662360220922691], [-91.46463177415121, 15.673558896030242], [-91.43536822584879, 15.673558896030242], [-91.40833223252353, 15.662360220922691], [-91.38763977907732, 15.64166776747647], [-91.37644110396975, 15.61463177415121], [-91.37644110396975, 15.58536822584879], [-91.38763977907732, 15.55833223252353]]]]}}, {"type": "Feature", "properties": {"kind": "store", "branch": "Cobán", "color": "#808000", "name": "Cobán"}, "geometry": {"type": "Point", "coordinates": [-90.3711, 15.4708]}}, {"type": "Feature", "properties": {"kind": "coverage", "branch": "Cobán", "label": "10 min", "minutes": 10, "color": "#808000", "title": "Cobán — hasta 10 min"}, "geometry": {"type": "Polygon", "coordinates": [[[-90.34124445819984, 15.467859485790115], [-90.35206820147509, 15.447609686399119], [-90.37404051420988, 15.440944458199835], [-90.39429031360088, 15.45176820147509], [-90.40095554180016, 15.473740514209886], [-90.3901317985249, 15.493990313600882], [-90.36815948579012, 15.500655541800166], [-90.34790968639912, 15.48983179852491], [-90.34124445819984, 15.467859485790115]]]}}, {"type": "Feature", "properties": {"kind": "coverage", "branch": "Cobán", "label": "45 min", "minutes": 45, "color": "#808000", "title": "Cobán — hasta 45 min"}, "geometry": {"type": "Polygon", "coordinates": [[[-90.36275413016432, 15.432435854959639], [-90.38124289030452, 15.430614871027096], [-90.39530058509324, 15.437263665492392], [-90.41084591125352, 15.468863451509453], [-90.40162741699797, 15.49462741699797], [-90.36913654849054, 15.511845911253511], [-90.34569941490676, 15.504736334507609], [-90.33015408874648, 15.479136548490548], [-90.33639297240632, 15.451221752543372], [-90.36275413016432, 15.432435854959639]]]}}, {"type": "Feature", "properties": {"kind": "coverage", "branch": "Cobán", "label": "1 hr", "minutes": 60, "color": "#808000", "title": "Cobán — hasta 1 hr"}, "geometry": {"type": "Polygon", "coordinates": [[[-90.33900903506165, 15.349398742572617], [-90.355266991411, 15.325066991411008], [-90.37959874257261, 15.308809035061653], [-90.40094871447528, 15.303461145499584], [-90.43007135079408, 15.306329474820084], [-90.45587949631226, 15.320124215997794], [-90.47444409482613, 15.34274524473805], [-90.48185889603025, 15.36346822584879], [-90.48185889603025, 15.39273177415121], [-90.47444409482613, 15.41345475526195], [-90.45587949631226, 15.436075784002204], [-90.43007135079408, 15.449870525179916], [-90.40568740803863, 15.452971651587205], [-90.411, 15.472], [-90.40722148045916, 15.487084695578432], [-90.35867949631226, 15.532975784002204], [-90.32573177415121, 15.548558896030242], [-90.29646822584878, 15.548558896030242], [-90.26943223252353, 15.537360220922691], [-90.24873977907731, 15.51666776747647], [-90.23754110396975, 15.48963177415121], [-90.23754110396975, 15.46036822584879], [-90.25850903506165, 15.399098742572617], [-90.274766991411, 15.374766991411008], [-90.29909874257261, 15.358509035061653], [-90.33900903506165, 15.349398742572617]]]}}, {"type": "Feature", "properties": {"kind": "coverage", "branch": "Cobán", "label": "2 hrs", "minutes": 120, "color": "#808000", "title": "Cobán — hasta 2 hrs"}, "geometry": {"type": "Polygon", "coordinates": [[[-90.45602864920592, 15.299029474820083], [-90.49957135079408, 15.299029474820083], [-90.53577578400221, 15.323220503687725], [-90.55243885450042, 15.363448714475282], [-90.55135889603025, 15.38543177415121], [-90.54016022092269, 15.41246776747647], [-90.51946776747647, 15.43316022092269], [-90.49957135079408, 15.442570525179915], [-90.4778, 15.445799999999998], [-90.45002080633168, 15.440420884626754], [-90.40568740803863, 15.452971651587205], [-90.411, 15.472], [-90.40722148045916, 15.487084695578432], [-90.35867949631226, 15.532975784002204], [-90.32573177415121, 15.548558896030242], [-90.28932864920591, 15.546770525179916], [-90.25312421599779, 15.522579496312273], [-90.24180903506165, 15.503701257427382], [-90.2361, 15.475], [-90.26165590517387, 15.392445244738049], [-90.29164180532513, 15.362137468225587], [-90.2792, 15.3208], [-90.28984888830361, 15.282453833108782], [-90.26865475526195, 15.299444094826127], [-90.24793177415121, 15.306858896030242], [-90.22594871447528, 15.307938854500415], [-90.19794524473805, 15.299444094826127], [-90.180266991411, 15.286333008588992], [-90.16400903506165, 15.262001257427382], [-90.15866114549958, 15.240651285524716], [-90.16152947482009, 15.211528649205915], [-90.17532421599779, 15.185720503687726], [-90.19794524473805, 15.167155905173873], [-90.22594871447528, 15.158661145499584], [-90.25507135079408, 15.161529474820084], [-90.286333008589, 15.180266991411008], [-90.30259096493835, 15.204598742572617], [-90.30793885450042, 15.240651285524716], [-90.2976511116964, 15.271646166891218], [-90.33242864920592, 15.249029474820084], [-90.36883177415122, 15.247241103969758], [-90.407233008589, 15.267766991411008], [-90.42764718566345, 15.305722253065507], [-90.43607919366832, 15.308479115373245], [-90.45602864920592, 15.299029474820083]]]}}, {"type": "Feature", "properties": {"kind": "store", "branch": "Puerto Quetzal", "color": "#000075", "name": "Puerto Quetzal"}, "geometry": {"type": "Point", "coordinates": [-90.785, 13.925]}}, {"type": "Feature", "properties": {"kind": "coverage", "branch": "Puerto Quetzal", "label": "10 min", "minutes": 10, "color": "#000075", "title": "Puerto Quetzal — hasta 10 min"}, "geometry": {"type": "Polygon", "coordinates": [[[-90.75514445819984, 13.922059485790115], [-90.76596820147509, 13.901809686399119], [-90.78794051420988, 13.895144458199836], [-90.80819031360087, 13.90596820147509], [-90.81485554180016, 13.927940514209887], [-90.8040317985249, 13.948190313600882], [-90.78205948579011, 13.954855541800166], [-90.76180968639912, 13.944031798524911], [-90.75514445819984, 13.922059485790115]]]}}, {"type": "Feature", "properties": {"kind": "coverage", "branch": "Puerto Quetzal", "label": "45 min", "minutes": 45, "color": "#000075", "title": "Puerto Quetzal — hasta 45 min"}, "geometry": {"type": "Polygon", "coordinates": [[[-90.77351949702904, 13.897283614024662], [-90.82794051420989, 13.895144458199836], [-90.84403179852491, 13.901809686399119], [-90.86968645689568, 13.92878714684283], [-90.87478331270025, 13.95441077131483], [-90.86741613255361, 13.97500066048588], [-90.84857956152567, 13.990931911082024], [-90.84870821007196, 14.008708540317635], [-90.83712389906937, 14.024605308274312], [-90.84478331270024, 14.04558922868517], [-90.83968645689568, 14.07121285315717], [-90.82121285315716, 14.089686456895677], [-90.79558922868517, 14.09478331270025], [-90.77145230221264, 14.084785470401323], [-90.75586466238185, 14.058779064490727], [-90.76031354310432, 14.02878714684283], [-90.77145230221264, 14.015214529598678], [-90.79061730933851, 14.00601586286646], [-90.79175129796137, 13.990007220761708], [-90.77842542103699, 13.97222075445643], [-90.77508467428406, 13.953276415352054], [-90.75854236206955, 13.939141902104781], [-90.75514445819984, 13.922059485790115], [-90.76005591163091, 13.908332893009412], [-90.77351949702904, 13.897283614024662]]]}}, {"type": "Feature", "properties": {"kind": "coverage", "branch": "Puerto Quetzal", "label": "1 hr", "minutes": 60, "color": "#000075", "title": "Puerto Quetzal — hasta 1 hr"}, "geometry": {"type": "Polygon", "coordinates": [[[-90.76265452717111, 13.881725062476152], [-90.80536822584878, 13.856441103969757], [-90.84177135079408, 13.858229474820083], [-90.87303300858899, 13.876966991411008], [-90.89355889603024, 13.91536822584879], [-90.89355889603024, 13.94463177415121], [-90.88614409482612, 13.96535475526195], [-90.87303300858899, 13.983033008588992], [-90.8499364669157, 13.998706754359524], [-90.83712389906937, 14.024605308274312], [-90.845, 14.05], [-90.83712389906937, 14.075394691725688], [-90.84771638597533, 14.088519497029047], [-90.84985554180015, 14.102940514209886], [-90.84319031360087, 14.11903179852491], [-90.82585270966048, 14.129423558412096], [-90.7987867965644, 14.121213203435596], [-90.79061730933851, 14.09398413713354], [-90.76818019484661, 14.081819805153396], [-90.75693768489205, 14.06306281047645], [-90.76031354310432, 14.02878714684283], [-90.77145230221264, 14.015214529598678], [-90.79061730933851, 14.00601586286646], [-90.7900635330843, 13.998706754359524], [-90.76494383097419, 13.982349080014355], [-90.73007135079408, 14.005070525179915], [-90.68652864920591, 14.005070525179915], [-90.655266991411, 13.986333008588991], [-90.63474110396974, 13.94793177415121], [-90.63474110396974, 13.918668225848789], [-90.64215590517387, 13.897945244738048], [-90.67294524473805, 13.867155905173872], [-90.71565128552471, 13.858661145499584], [-90.74365475526194, 13.867155905173872], [-90.76265452717111, 13.881725062476152]]]}}, {"type": "Feature", "properties": {"kind": "coverage", "branch": "Puerto Quetzal", "label": "1.5 hrs", "minutes": 90, "color": "#000075", "title": "Puerto Quetzal — hasta 1.5 hrs"}, "geometry": {"type": "MultiPolygon", "coordinates": [[[[-90.89019238410944, 13.90381804038536], [-90.91607924554357, 13.875125421036993], [-90.94636281047646, 13.873637684892051], [-90.97071613255362, 13.891699339514119], [-90.97808331270025, 13.921110771314831], [-90.96511980515339, 13.948519805153396], [-90.94207906449073, 13.960835337618146], [-90.91607924554357, 13.958274578963008], [-90.89436867180798, 13.939172709286478], [-90.8779757840022, 13.977579496312273], [-90.8499364669157, 13.998706754359524], [-90.83712389906937, 14.024605308274312], [-90.84464294473618, 14.055357055263816], [-90.87854769778735, 14.065214529598677], [-90.89478331270024, 14.095589228685169], [-90.88741613255361, 14.125000660485881], [-90.85877906449072, 14.144135337618145], [-90.83277924554356, 14.141574578963008], [-90.80096820147509, 14.123190313600881], [-90.79129178992802, 14.108708540317634], [-90.79061730933851, 14.09398413713354], [-90.77145230221264, 14.084785470401323], [-90.75842542103699, 14.06722075445643], [-90.75842542103699, 14.032779245543571], [-90.77145230221264, 14.015214529598678], [-90.79061730933851, 14.00601586286646], [-90.7900635330843, 13.998706754359524], [-90.76494383097419, 13.982349080014355], [-90.73007135079408, 14.005070525179915], [-90.68652864920591, 14.005070525179915], [-90.655266991411, 13.986333008588991], [-90.63474110396974, 13.94793177415121], [-90.63474110396974, 13.918668225848789], [-90.64593977907731, 13.891632232523529], [-90.66663223252353, 13.870939779077307], [-90.69366822584878, 13.859741103969757], [-90.73007135079408, 13.861529474820083], [-90.76265452717111, 13.881725062476152], [-90.79822864920591, 13.858229474820083], [-90.8346317741512, 13.856441103969757], [-90.86757949631226, 13.872024215997794], [-90.89019238410944, 13.90381804038536]]], [[[-90.44172542103699, 13.86607924554357], [-90.45148019484661, 13.851480194846605], [-90.47023718952354, 13.84023768489205], [-90.49207906449072, 13.839164662381854], [-90.51184769778736, 13.848514529598678], [-90.52636231510795, 13.87023718952355], [-90.52694726327994, 13.89402756647197], [-90.53836375332793, 13.906580349261171], [-90.56722075445643, 13.908425421036991], [-90.58968645689568, 13.92878714684283], [-90.59478331270024, 13.95441077131483], [-90.58478547040131, 13.978547697787363], [-90.56722075445643, 13.991574578963007], [-90.54558922868517, 13.994783312700248], [-90.52499933951411, 13.987416132553614], [-90.51163624667207, 13.973419650738828], [-90.49122093550928, 13.974135337618145], [-90.47145230221264, 13.964785470401322], [-90.45693768489205, 13.94306281047645], [-90.45635273672006, 13.91927243352803], [-90.44023768489205, 13.89636281047645], [-90.44172542103699, 13.86607924554357]]]]}}]}