<?xml version="1.0" encoding="UTF-8"?>
<kml xmlns="http://www.opengis.net/kml/2.2"><Document>
<name>Truck Depot - Cobertura de entrega (Guatemala)</name>
<Style id="poly0"><LineStyle><color>ff4b19e6</color><width>2</width></LineStyle><PolyStyle><color>444b19e6</color></PolyStyle></Style>
<Style id="pin0"><IconStyle><color>ff4b19e6</color><scale>1.2</scale><Icon><href>http://maps.google.com/mapfiles/kml/shapes/truck.png</href></Icon></IconStyle></Style>
<Style id="poly1"><LineStyle><color>ff4bb43c</color><width>2</width></LineStyle><PolyStyle><color>444bb43c</color></PolyStyle></Style>
<Style id="pin1"><IconStyle><color>ff4bb43c</color><scale>1.2</scale><Icon><href>http://maps.google.com/mapfiles/kml/shapes/truck.png</href></Icon></IconStyle></Style>
<Style id="poly2"><LineStyle><color>ffd86343</color><width>2</width></LineStyle><PolyStyle><color>44d86343</color></PolyStyle></Style>
<Style id="pin2"><IconStyle><color>ffd86343</color><scale>1.2</scale><Icon><href>http://maps.google.com/mapfiles/kml/shapes/truck.png</href></Icon></IconStyle></Style>
<Style id="poly3"><LineStyle><color>ff3182f5</color><width>2</width></LineStyle><PolyStyle><color>443182f5</color></PolyStyle></Style>
<Style id="pin3"><IconStyle><color>ff3182f5</color><scale>1.2</scale><Icon><href>http://maps.google.com/mapfiles/kml/shapes/truck.png</href></Icon></IconStyle></Style>
<Style id="poly4"><LineStyle><color>ffb41e91</color><width>2</width></LineStyle><PolyStyle><color>44b41e91</color></PolyStyle></Style>
<Style id="pin4"><IconStyle><color>ffb41e91</color><scale>1.2</scale><Icon><href>http://maps.google.com/mapfiles/kml/shapes/truck.png</href></Icon></IconStyle></Style>
<Style id="poly5"><LineStyle><color>ffc6a800</color><width>2</width></LineStyle><PolyStyle><color>44c6a800</color></PolyStyle></Style>
<Style id="pin5"><IconStyle><color>ffc6a800</color><scale>1.2</scale><Icon><href>http://maps.google.com/mapfiles/kml/shapes/truck.png</href></Icon></IconStyle></Style>
<Style id="poly6"><LineStyle><color>ffe632f0</color><width>2</width></LineStyle><PolyStyle><color>44e632f0</color></PolyStyle></Style>
<Style id="pin6"><IconStyle><color>ffe632f0</color><scale>1.2</scale><Icon><href>http://maps.google.com/mapfiles/kml/shapes/truck.png</href></Icon></IconStyle></Style>
<Style id="poly7"><LineStyle><color>ff008b7a</color><width>2</width></LineStyle><PolyStyle><color>44008b7a</color></PolyStyle></Style>
<Style id="pin7"><IconStyle><color>ff008b7a</color><scale>1.2</scale><Icon><href>http://maps.google.com/mapfiles/kml/shapes/truck.png</href></Icon></IconStyle></Style>
<Style id="poly8"><LineStyle><color>ff1e69d2</color><width>2</width></LineStyle><PolyStyle><color>441e69d2</color></PolyStyle></Style>
<Style id="pin8"><IconStyle><color>ff1e69d2</color><scale>1.2</scale><Icon><href>http://maps.google.com/mapfiles/kml/shapes/truck.png</href></Icon></IconStyle></Style>
<Style id="poly9"><LineStyle><color>ff578b2e</color><width>2</width></LineStyle><PolyStyle><color>44578b2e</color></PolyStyle></Style>
<Style id="pin9"><IconStyle><color>ff578b2e</color><scale>1.2</scale><Icon><href>http://maps.google.com/mapfiles/kml/shapes/truck.png</href></Icon></IconStyle></Style>
<Style id="poly10"><LineStyle><color>ff24639a</color><width>2</width></LineStyle><PolyStyle><color>4424639a</color></PolyStyle></Style>
<Style id="pin10"><IconStyle><color>ff24639a</color><scale>1.2</scale><Icon><href>http://maps.google.com/mapfiles/kml/shapes/truck.png</href></Icon></IconStyle></Style>
<Style id="poly11"><LineStyle><color>ff008080</color><width>2</width></LineStyle><PolyStyle><color>44008080</color></PolyStyle></Style>
<Style id="pin11"><IconStyle><color>ff008080</color><scale>1.2</scale><Icon><href>http://maps.google.com/mapfiles/kml/shapes/truck.png</href></Icon></IconStyle></Style>
<Style id="poly12"><LineStyle><color>ff750000</color><width>2</width></LineStyle><PolyStyle><color>44750000</color></PolyStyle></Style>
<Style id="pin12"><IconStyle><color>ff750000</color><scale>1.2</scale><Icon><href>http://maps.google.com/mapfiles/kml/shapes/truck.png</href></Icon></IconStyle></Style>
<Style id="poly13"><LineStyle><color>ff00b3ff</color><width>2</width></LineStyle><PolyStyle><color>4400b3ff</color></PolyStyle></Style>
<Style id="pin13"><IconStyle><color>ff00b3ff</color><scale>1.2</scale><Icon><href>http://maps.google.com/mapfiles/kml/shapes/truck.png</href></Icon></IconStyle></Style>
<Style id="poly14"><LineStyle><color>ff5c6900</color><width>2</width></LineStyle><PolyStyle><color>445c6900</color></PolyStyle></Style>
<Style id="pin14"><IconStyle><color>ff5c6900</color><scale>1.2</scale><Icon><href>http://maps.google.com/mapfiles/kml/shapes/truck.png</href></Icon></IconStyle></Style>
<Style id="poly15"><LineStyle><color>ff37405d</color><width>2</width></LineStyle><PolyStyle><color>4437405d</color></PolyStyle></Style>
<Style id="pin15"><IconStyle><color>ff37405d</color><scale>1.2</scale><Icon><href>http://maps.google.com/mapfiles/kml/shapes/truck.png</href></Icon></IconStyle></Style>
<Style id="poly16"><LineStyle><color>ff5b18c2</color><width>2</width></LineStyle><PolyStyle><color>445b18c2</color></PolyStyle></Style>
<Style id="pin16"><IconStyle><color>ff5b18c2</color><scale>1.2</scale><Icon><href>http://maps.google.com/mapfiles/kml/shapes/truck.png</href></Icon></IconStyle></Style>
<Folder><name>Guatemala</name>
<Placemark><name>Guatemala (tienda)</name><styleUrl>#pin0</styleUrl><Point><coordinates>-90.54895,14.56755,0</coordinates></Point></Placemark>
<Placemark><name>Guatemala — hasta 6 hrs</name><styleUrl>#poly0</styleUrl><Polygon><outerBoundaryIs><LinearRing><coordinates>-90.49053,14.41824,0 -90.53220,14.40560,0 -90.55397,14.40883,0 -90.57859,14.42175,0 -90.62295,14.41226,0 -90.65095,14.42076,0 -90.67358,14.43932,0 -90.68916,14.47227,0 -90.68916,14.50153,0 -90.68174,14.52225,0 -90.64919,14.56907,0 -90.66876,14.58893,0 -90.68044,14.61918,0 -90.71099,14.65460,0 -90.71884,14.72595,0 -90.70218,14.76618,0 -90.66248,14.79125,0 -90.64473,14.81973,0 -90.62040,14.83599,0 -90.59170,14.84170,0 -90.56300,14.83599,0 -90.53867,14.81973,0 -90.52357,14.79786,0 -90.54134,14.84265,0 -90.53284,14.88535,0 -90.50205,14.91614,0 -90.45935,14.92464,0 -90.43800,14.91929,0 -90.41367,14.90303,0 -90.40056,14.88535,0 -90.39212,14.85772,0 -90.35460,14.85259,0 -90.32094,14.82497,0 -90.30974,14.79793,0 -90.30866,14.77595,0 -90.31716,14.74795,0 -90.33133,14.72930,0 -90.29764,14.70167,0 -90.28644,14.67463,0 -90.28536,14.65265,0 -90.29386,14.62465,0 -90.30697,14.60697,0 -90.34537,14.58644,0 -90.36735,14.58536,0 -90.39535,14.59386,0 -90.41303,14.60697,0 -90.42849,14.62960,0 -90.43174,14.62000,0 -90.41706,14.57955,0 -90.42360,14.54099,0 -90.39163,14.52906,0 -90.37094,14.50837,0 -90.35974,14.48133,0 -90.36153,14.44493,0 -90.38027,14.41367,0 -90.41867,14.39314,0 -90.45507,14.39493,0 -90.49053,14.41824,0</coordinates></LinearRing></outerBoundaryIs><innerBoundaryIs><LinearRing><coordinates>-90.41303,14.71303,0 -90.42609,14.71229,0 -90.42515,14.69702,0 -90.41798,14.70758,0 -90.41303,14.71303,0</coordinates></LinearRing></innerBoundaryIs></Polygon></Placemark>
<Placemark><name>Guatemala — hasta 3 hrs</name><styleUrl>#poly0</styleUrl><Polygon><outerBoundaryIs><LinearRing><coordinates>-90.46291,14.45190,0 -90.47917,14.42757,0 -90.49685,14.41446,0 -90.52485,14.40596,0 -90.54683,14.40704,0 -90.57387,14.41824,0 -90.64518,14.47932,0 -90.65649,14.49820,0 -90.66220,14.52690,0 -90.64919,14.56907,0 -90.67254,14.59525,0 -90.68140,14.63060,0 -90.67254,14.66595,0 -90.65398,14.68858,0 -90.63510,14.69989,0 -90.60640,14.70560,0 -90.58463,14.70237,0 -90.55279,14.68300,0 -90.52442,14.67648,0 -90.47124,14.70139,0 -90.45275,14.69956,0 -90.44026,14.69030,0 -90.42415,14.65114,0 -90.43174,14.62000,0 -90.42938,14.59571,0 -90.43970,14.58026,0 -90.47626,14.55824,0 -90.48982,14.54243,0 -90.46984,14.52227,0 -90.46043,14.50237,0 -90.45756,14.47325,0 -90.46291,14.45190,0</coordinates></LinearRing></outerBoundaryIs></Polygon></Placemark>
<Placemark><name>Guatemala — hasta 2 hrs</name><styleUrl>#poly0</styleUrl><Polygon><outerBoundaryIs><LinearRing><coordinates>-90.46291,14.45190,0 -90.47917,14.42757,0 -90.49685,14.41446,0 -90.52485,14.40596,0 -90.54683,14.40704,0 -90.57387,14.41824,0 -90.64518,14.47932,0 -90.65649,14.49820,0 -90.66220,14.52690,0 -90.64919,14.56907,0 -90.67254,14.59525,0 -90.68140,14.63060,0 -90.67254,14.66595,0 -90.65398,14.68858,0 -90.62103,14.70416,0 -90.59177,14.70416,0 -90.55279,14.68300,0 -90.52442,14.67648,0 -90.50429,14.68662,0 -90.48571,14.68662,0 -90.46484,14.66659,0 -90.44775,14.66456,0 -90.43526,14.65530,0 -90.42861,14.62876,0 -90.43737,14.61237,0 -90.45137,14.60421,0 -90.45178,14.57492,0 -90.48982,14.54243,0 -90.46984,14.52227,0 -90.46043,14.50237,0 -90.45756,14.47325,0 -90.46291,14.45190,0</coordinates></LinearRing></outerBoundaryIs></Polygon></Placemark>
<Placemark><name>Guatemala — hasta 45 min</name><styleUrl>#poly0</styleUrl><Polygon><outerBoundaryIs><LinearRing><coordinates>-90.51438,14.56671,0 -90.54375,14.53244,0 -90.56224,14.53061,0 -90.58556,14.54975,0 -90.58422,14.57708,0 -90.55725,14.60556,0 -90.53275,14.60556,0 -90.51544,14.58825,0 -90.51438,14.56671,0</coordinates></LinearRing></outerBoundaryIs></Polygon></Placemark>
<Placemark><name>Guatemala — hasta 10 min</name><styleUrl>#poly0</styleUrl><Polygon><outerBoundaryIs><LinearRing><coordinates>-90.53481,14.54109,0 -90.55766,14.53884,0 -90.57541,14.55341,0 -90.57766,14.57626,0 -90.56309,14.59401,0 -90.54024,14.59626,0 -90.52249,14.58169,0 -90.52024,14.55884,0 -90.53481,14.54109,0</coordinates></LinearRing></outerBoundaryIs></Polygon></Placemark>
</Folder>
<Folder><name>Escuintla</name>
<Placemark><name>Escuintla (tienda)</name><styleUrl>#pin1</styleUrl><Point><coordinates>-90.79009,14.28448,0</coordinates></Point></Placemark>
<Placemark><name>Escuintla — hasta 6 hrs</name><styleUrl>#poly1</styleUrl><MultiGeometry><Polygon><outerBoundaryIs><LinearRing><coordinates>-91.08071,13.90460,0 -91.09697,13.88027,0 -91.12130,13.86401,0 -91.15000,13.85830,0 -91.17870,13.86401,0 -91.20303,13.88027,0 -91.21929,13.90460,0 -91.22500,13.93330,0 -91.21929,13.96200,0 -91.20303,13.98633,0 -91.17870,14.00259,0 -91.15000,14.00830,0 -91.12130,14.00259,0 -91.09697,13.98633,0 -91.08071,13.96200,0 -91.07500,13.93330,0 -91.08071,13.90460,0</coordinates></LinearRing></outerBoundaryIs></Polygon><Polygon><outerBoundaryIs><LinearRing><coordinates>-91.02130,14.01401,0 -91.10878,14.00586,0 -91.13182,14.01818,0 -91.14414,14.04122,0 -91.14157,14.06722,0 -91.12479,14.08754,0 -91.11236,14.12497,0 -91.09167,14.14566,0 -91.05735,14.15794,0 -91.02130,14.15259,0 -90.99697,14.13633,0 -90.98071,14.11200,0 -90.97500,14.08330,0 -90.98071,14.05460,0 -90.99697,14.03027,0 -91.02130,14.01401,0</coordinates></LinearRing></outerBoundaryIs></Polygon><Polygon><outerBoundaryIs><LinearRing><coordinates>-90.81354,14.09586,0 -90.82586,14.08354,0 -90.84000,14.08000,0 -90.85414,14.08354,0 -90.86646,14.09586,0 -90.86646,14.12414,0 -90.84566,14.13945,0 -90.85871,14.15629,0 -90.85469,14.18201,0 -90.86182,14.19413,0 -90.88572,14.15872,0 -90.91867,14.14314,0 -90.96200,14.14741,0 -90.99128,14.16912,0 -91.00794,14.20935,0 -91.00050,14.24982,0 -91.05837,14.27094,0 -91.07468,14.28572,0 -91.08847,14.31153,0 -91.08847,14.35507,0 -91.06428,14.39128,0 -91.03133,14.40686,0 -91.00207,14.40686,0 -90.96951,14.39156,0 -90.93800,14.38599,0 -90.90872,14.36428,0 -90.89206,14.32405,0 -90.89950,14.28358,0 -90.87094,14.25837,0 -90.85841,14.21886,0 -90.84724,14.22926,0 -90.83016,14.23266,0 -90.81407,14.22599,0 -90.80439,14.21151,0 -90.80841,14.18579,0 -90.80058,14.17085,0 -90.80129,14.15629,0 -90.81097,14.14181,0 -90.82434,14.13555,0 -90.81129,14.11871,0 -90.81354,14.09586,0</coordinates></LinearRing></outerBoundaryIs></Polygon><Polygon><outerBoundaryIs><LinearRing><coordinates>-91.23386,14.15635,0 -91.25833,14.12934,0 -91.29265,14.11706,0 -91.32870,14.12241,0 -91.35303,14.13867,0 -91.37177,14.16993,0 -91.37299,14.20861,0 -91.41428,14.22532,0 -91.43847,14.26153,0 -91.44026,14.29793,0 -91.41973,14.33633,0 -91.39540,14.35259,0 -91.36670,14.35830,0 -91.33800,14.35259,0 -91.31367,14.33633,0 -91.29493,14.30507,0 -91.29371,14.26639,0 -91.25833,14.25406,0 -91.23071,14.22040,0 -91.22536,14.18435,0 -91.23386,14.15635,0</coordinates></LinearRing></outerBoundaryIs></Polygon><Polygon><outerBoundaryIs><LinearRing><coordinates>-91.17928,14.34170,0 -91.20364,14.32364,0 -91.23392,14.32513,0 -91.25639,14.34549,0 -91.26084,14.37548,0 -91.24066,14.40474,0 -91.23847,14.43847,0 -91.21973,14.46973,0 -91.18847,14.48847,0 -91.15207,14.49026,0 -91.12503,14.47906,0 -91.10434,14.45837,0 -91.09314,14.43133,0 -91.09314,14.40207,0 -91.10434,14.37503,0 -91.12503,14.35434,0 -91.15207,14.34314,0 -91.17928,14.34170,0</coordinates></LinearRing></outerBoundaryIs></Polygon><Polygon><outerBoundaryIs><LinearRing><coordinates>-90.79130,13.86071,0 -90.82000,13.85500,0 -90.84870,13.86071,0 -90.87303,13.87697,0 -90.88614,13.89465,0 -90.89356,13.91537,0 -90.89356,13.94463,0 -90.88614,13.96535,0 -90.86758,13.98798,0 -90.84177,14.00177,0 -90.81265,14.00464,0 -90.78465,13.99614,0 -90.76565,13.98157,0 -90.73700,14.00259,0 -90.70830,14.00830,0 -90.67960,14.00259,0 -90.65032,13.98088,0 -90.63653,13.95507,0 -90.63366,13.92595,0 -90.64216,13.89795,0 -90.66072,13.87532,0 -90.68653,13.86153,0 -90.71565,13.85866,0 -90.74365,13.86716,0 -90.76265,13.88173,0 -90.79130,13.86071,0</coordinates></LinearRing></outerBoundaryIs></Polygon><Polygon><outerBoundaryIs><LinearRing><coordinates>-90.43135,14.00056,0 -90.47405,13.99206,0 -90.49540,13.99741,0 -90.51973,14.01367,0 -90.54026,14.05207,0 -90.54026,14.08133,0 -90.53284,14.10205,0 -90.51428,14.12468,0 -90.48847,14.13847,0 -90.45935,14.14134,0 -90.43705,14.13554,0 -90.41865,14.14944,0 -90.39065,14.15794,0 -90.34795,14.14944,0 -90.32532,14.13088,0 -90.31153,14.10507,0 -90.30866,14.07595,0 -90.31716,14.04795,0 -90.33027,14.03027,0 -90.35460,14.01401,0 -90.38330,14.00830,0 -90.41295,14.01446,0 -90.43135,14.00056,0</coordinates></LinearRing></outerBoundaryIs></Polygon><Polygon><outerBoundaryIs><LinearRing><coordinates>-90.71144,14.29037,0 -90.73197,14.25197,0 -90.75630,14.23571,0 -90.77765,14.23036,0 -90.80677,14.23323,0 -90.82667,14.24264,0 -90.84736,14.26333,0 -90.85856,14.29037,0 -90.85964,14.31235,0 -90.84298,14.35258,0 -90.82667,14.36736,0 -90.79993,14.37849,0 -90.78903,14.40319,0 -90.76415,14.40942,0 -90.74482,14.39627,0 -90.74157,14.41722,0 -90.73182,14.43182,0 -90.71306,14.44306,0 -90.69559,14.44478,0 -90.66521,14.42855,0 -90.65522,14.39559,0 -90.66818,14.36818,0 -90.69122,14.35586,0 -90.72121,14.36031,0 -90.74002,14.37950,0 -90.74296,14.36709,0 -90.72264,14.34667,0 -90.71144,14.31963,0 -90.71144,14.29037,0</coordinates></LinearRing></outerBoundaryIs></Polygon></MultiGeometry></Placemark>
<Placemark><name>Escuintla — hasta 3 hrs</name><styleUrl>#poly1</styleUrl><MultiGeometry><Polygon><outerBoundaryIs><LinearRing><coordinates>-90.76265,13.88173,0 -90.79130,13.86071,0 -90.82000,13.85500,0 -90.84870,13.86071,0 -90.87303,13.87697,0 -90.88929,13.90130,0 -90.89500,13.93000,0 -90.88929,13.95870,0 -90.87303,13.98303,0 -90.84870,13.99929,0 -90.82000,14.00500,0 -90.79130,13.99929,0 -90.76565,13.98157,0 -90.73700,14.00259,0 -90.70830,14.00830,0 -90.67960,14.00259,0 -90.65527,13.98633,0 -90.63901,13.96200,0 -90.63330,13.93330,0 -90.63901,13.90460,0 -90.65527,13.88027,0 -90.67960,13.86401,0 -90.70830,13.85830,0 -90.73700,13.86401,0 -90.76265,13.88173,0</coordinates></LinearRing></outerBoundaryIs></Polygon><Polygon><outerBoundaryIs><LinearRing><coordinates>-91.08071,13.90460,0 -91.09697,13.88027,0 -91.12130,13.86401,0 -91.15000,13.85830,0 -91.17870,13.86401,0 -91.20303,13.88027,0 -91.21929,13.90460,0 -91.22500,13.93330,0 -91.21929,13.96200,0 -91.20303,13.98633,0 -91.17870,14.00259,0 -91.15000,14.00830,0 -91.12130,14.00259,0 -91.09697,13.98633,0 -91.08071,13.96200,0 -91.07500,13.93330,0 -91.08071,13.90460,0</coordinates></LinearRing></outerBoundaryIs></Polygon><Polygon><outerBoundaryIs><LinearRing><coordinates>-91.08694,14.00694,0 -91.12121,14.01031,0 -91.14306,14.03694,0 -91.14306,14.06306,0 -91.12479,14.08754,0 -91.11614,14.11865,0 -91.09758,14.14128,0 -91.07177,14.15507,0 -91.04265,14.15794,0 -91.01465,14.14944,0 -90.99202,14.13088,0 -90.97823,14.10507,0 -90.97536,14.07595,0 -90.98386,14.04795,0 -90.99697,14.03027,0 -91.02130,14.01401,0 -91.05000,14.00830,0 -91.07491,14.01265,0 -91.08694,14.00694,0</coordinates></LinearRing></outerBoundaryIs></Polygon><Polygon><outerBoundaryIs><LinearRing><coordinates>-90.81228,14.09852,0 -90.82333,14.08506,0 -90.84000,14.08000,0 -90.85414,14.08354,0 -90.86646,14.09586,0 -90.86646,14.12414,0 -90.84566,14.13945,0 -90.85871,14.15629,0 -90.85469,14.18201,0 -90.86182,14.19413,0 -90.88572,14.15872,0 -90.91867,14.14314,0 -90.96200,14.14741,0 -90.99128,14.16912,0 -91.00794,14.20935,0 -91.00050,14.24982,0 -91.05837,14.27094,0 -91.07468,14.28572,0 -91.08847,14.31153,0 -91.08847,14.35507,0 -91.06428,14.39128,0 -91.03133,14.40686,0 -91.00207,14.40686,0 -90.96951,14.39156,0 -90.93800,14.38599,0 -90.90872,14.36428,0 -90.89206,14.32405,0 -90.89950,14.28358,0 -90.87094,14.25837,0 -90.85841,14.21886,0 -90.84724,14.22926,0 -90.83016,14.23266,0 -90.81407,14.22599,0 -90.80538,14.21428,0 -90.80841,14.18579,0 -90.80058,14.15915,0 -90.80879,14.14379,0 -90.82434,14.13555,0 -90.81129,14.11871,0 -90.81228,14.09852,0</coordinates></LinearRing></outerBoundaryIs></Polygon><Polygon><outerBoundaryIs><LinearRing><coordinates>-90.43135,14.00056,0 -90.47405,13.99206,0 -90.49540,13.99741,0 -90.51973,14.01367,0 -90.54026,14.05207,0 -90.54026,14.08133,0 -90.53284,14.10205,0 -90.51428,14.12468,0 -90.48847,14.13847,0 -90.45935,14.14134,0 -90.43705,14.13554,0 -90.41865,14.14944,0 -90.39065,14.15794,0 -90.34795,14.14944,0 -90.32532,14.13088,0 -90.31153,14.10507,0 -90.30866,14.07595,0 -90.31716,14.04795,0 -90.33027,14.03027,0 -90.35460,14.01401,0 -90.38330,14.00830,0 -90.41295,14.01446,0 -90.43135,14.00056,0</coordinates></LinearRing></outerBoundaryIs></Polygon><Polygon><outerBoundaryIs><LinearRing><coordinates>-90.71571,14.27630,0 -90.73197,14.25197,0 -90.74965,14.23886,0 -90.77765,14.23036,0 -90.79963,14.23144,0 -90.82035,14.23886,0 -90.84298,14.25742,0 -90.85677,14.28323,0 -90.85964,14.31235,0 -90.84298,14.35258,0 -90.82667,14.36736,0 -90.79993,14.37849,0 -90.78903,14.40319,0 -90.76415,14.40942,0 -90.74482,14.39627,0 -90.74157,14.41722,0 -90.73182,14.43182,0 -90.71306,14.44306,0 -90.69559,14.44478,0 -90.66521,14.42855,0 -90.65522,14.39559,0 -90.66818,14.36818,0 -90.69122,14.35586,0 -90.72121,14.36031,0 -90.74002,14.37950,0 -90.74296,14.36709,0 -90.72264,14.34667,0 -90.71144,14.31963,0 -90.71571,14.27630,0</coordinates></LinearRing></outerBoundaryIs></Polygon></MultiGeometry></Placemark>
<Placemark><name>Escuintla — hasta 2 hrs</name><styleUrl>#poly1</styleUrl><MultiGeometry><Polygon><outerBoundaryIs><LinearRing><coordinates>-90.76265,13.88173,0 -90.79130,13.86071,0 -90.82000,13.85500,0 -90.84870,13.86071,0 -90.87303,13.87697,0 -90.88929,13.90130,0 -90.89500,13.93000,0 -90.88929,13.95870,0 -90.87303,13.98303,0 -90.84870,13.99929,0 -90.82000,14.00500,0 -90.79130,13.99929,0 -90.76565,13.98157,0 -90.73700,14.00259,0 -90.70830,14.00830,0 -90.67960,14.00259,0 -90.65527,13.98633,0 -90.63901,13.96200,0 -90.63330,13.93330,0 -90.63901,13.90460,0 -90.65527,13.88027,0 -90.67960,13.86401,0 -90.70830,13.85830,0 -90.73700,13.86401,0 -90.76265,13.88173,0</coordinates></LinearRing></outerBoundaryIs></Polygon><Polygon><outerBoundaryIs><LinearRing><coordinates>-90.81228,14.09852,0 -90.82333,14.08506,0 -90.84000,14.08000,0 -90.85414,14.08354,0 -90.86646,14.09586,0 -90.86646,14.12414,0 -90.84566,14.13945,0 -90.85871,14.15629,0 -90.85469,14.18201,0 -90.86182,14.19413,0 -90.88572,14.15872,0 -90.91867,14.14314,0 -90.96200,14.14741,0 -90.99128,14.16912,0 -91.00794,14.20935,0 -91.00050,14.24982,0 -91.05837,14.27094,0 -91.07468,14.28572,0 -91.08847,14.31153,0 -91.08847,14.35507,0 -91.06428,14.39128,0 -91.03133,14.40686,0 -91.00207,14.40686,0 -90.96951,14.39156,0 -90.93800,14.38599,0 -90.90872,14.36428,0 -90.89206,14.32405,0 -90.89950,14.28358,0 -90.87094,14.25837,0 -90.85841,14.21886,0 -90.84724,14.22926,0 -90.83016,14.23266,0 -90.81407,14.22599,0 -90.80538,14.21428,0 -90.80841,14.18579,0 -90.80058,14.15915,0 -90.80879,14.14379,0 -90.82434,14.13555,0 -90.81129,14.11871,0 -90.81228,14.09852,0</coordinates></LinearRing></outerBoundaryIs></Polygon><Polygon><outerBoundaryIs><LinearRing><coordinates>-90.71571,14.27630,0 -90.73197,14.25197,0 -90.74965,14.23886,0 -90.77765,14.23036,0 -90.79963,14.23144,0 -90.82035,14.23886,0 -90.84298,14.25742,0 -90.85677,14.28323,0 -90.85964,14.31235,0 -90.84298,14.35258,0 -90.82667,14.36736,0 -90.79993,14.37849,0 -90.78903,14.40319,0 -90.76415,14.40942,0 -90.74482,14.39627,0 -90.74157,14.41722,0 -90.73182,14.43182,0 -90.71306,14.44306,0 -90.69559,14.44478,0 -90.66521,14.42855,0 -90.65522,14.39559,0 -90.66818,14.36818,0 -90.69122,14.35586,0 -90.72121,14.36031,0 -90.74002,14.37950,0 -90.74296,14.36709,0 -90.72264,14.34667,0 -90.71144,14.31963,0 -90.71571,14.27630,0</coordinates></LinearRing></outerBoundaryIs></Polygon></MultiGeometry></Placemark>
<Placemark><name>Escuintla — hasta 1 hr</name><styleUrl>#poly1</styleUrl><MultiGeometry><Polygon><outerBoundaryIs><LinearRing><coordinates>-90.81129,14.10129,0 -90.82097,14.08681,0 -90.84000,14.08000,0 -90.85903,14.08681,0 -90.86942,14.10415,0 -90.86494,14.12667,0 -90.84566,14.13945,0 -90.85942,14.15915,0 -90.85469,14.18201,0 -90.86252,14.20865,0 -90.85431,14.22401,0 -90.83895,14.23222,0 -90.81643,14.22774,0 -90.80368,14.20865,0 -90.80841,14.18579,0 -90.80058,14.17085,0 -90.80129,14.15629,0 -90.81097,14.14181,0 -90.82434,14.13555,0 -90.81228,14.12148,0 -90.81129,14.10129,0</coordinates></LinearRing></outerBoundaryIs></Polygon><Polygon><outerBoundaryIs><LinearRing><coordinates>-90.71323,14.28323,0 -90.72702,14.25742,0 -90.74965,14.23886,0 -90.77765,14.23036,0 -90.80677,14.23323,0 -90.83258,14.24702,0 -90.85114,14.26965,0 -90.85964,14.29765,0 -90.85677,14.32677,0 -90.83803,14.35803,0 -90.79993,14.37849,0 -90.78903,14.40319,0 -90.76129,14.40871,0 -90.74506,14.39667,0 -90.74296,14.36709,0 -90.71571,14.33370,0 -90.71036,14.31235,0 -90.71323,14.28323,0</coordinates></LinearRing></outerBoundaryIs></Polygon><Polygon><outerBoundaryIs><LinearRing><coordinates>-90.89493,14.29493,0 -90.90872,14.26912,0 -90.93135,14.25056,0 -90.95935,14.24206,0 -90.98847,14.24493,0 -91.01428,14.25872,0 -91.03284,14.28135,0 -91.04134,14.30935,0 -91.03847,14.33847,0 -91.02468,14.36428,0 -91.00205,14.38284,0 -90.97405,14.39134,0 -90.94493,14.38847,0 -90.91912,14.37468,0 -90.90056,14.35205,0 -90.89206,14.32405,0 -90.89493,14.29493,0</coordinates></LinearRing></outerBoundaryIs></Polygon><Polygon><outerBoundaryIs><LinearRing><coordinates>-90.67228,14.38852,0 -90.68852,14.37228,0 -90.71148,14.37228,0 -90.72772,14.38852,0 -90.72772,14.41148,0 -90.71148,14.42772,0 -90.68852,14.42772,0 -90.67228,14.41148,0 -90.67228,14.38852,0</coordinates></LinearRing></outerBoundaryIs></Polygon></MultiGeometry></Placemark>
<Placemark><name>Escuintla — hasta 45 min</name><styleUrl>#poly1</styleUrl><MultiGeometry><Polygon><outerBoundaryIs><LinearRing><coordinates>-90.80058,14.15915,0 -90.80879,14.14379,0 -90.82415,14.13558,0 -90.84148,14.13728,0 -90.85319,14.14597,0 -90.86000,14.16500,0 -90.85469,14.18201,0 -90.86310,14.20280,0 -90.85213,14.22599,0 -90.83016,14.23266,0 -90.80991,14.22183,0 -90.80368,14.20865,0 -90.80841,14.18579,0 -90.80058,14.15915,0</coordinates></LinearRing></outerBoundaryIs></Polygon><Polygon><outerBoundaryIs><LinearRing><coordinates>-90.71323,14.28323,0 -90.72702,14.25742,0 -90.74965,14.23886,0 -90.77765,14.23036,0 -90.80677,14.23323,0 -90.83258,14.24702,0 -90.85114,14.26965,0 -90.85964,14.29765,0 -90.85677,14.32677,0 -90.84298,14.35258,0 -90.82035,14.37114,0 -90.79235,14.37964,0 -90.76323,14.37677,0 -90.73742,14.36298,0 -90.71886,14.34035,0 -90.71036,14.31235,0 -90.71323,14.28323,0</coordinates></LinearRing></outerBoundaryIs></Polygon></MultiGeometry></Placemark>
<Placemark><name>Escuintla — hasta 10 min</name><styleUrl>#poly1</styleUrl><Polygon><outerBoundaryIs><LinearRing><coordinates>-90.79009,14.25448,0 -90.81131,14.26327,0 -90.82009,14.28448,0 -90.81131,14.30569,0 -90.79009,14.31448,0 -90.76888,14.30569,0 -90.76009,14.28448,0 -90.76888,14.26327,0 -90.79009,14.25448,0</coordinates></LinearRing></outerBoundaryIs></Polygon></Placemark>
</Folder>
<Folder><name>Chimaltenango</name>
<Placemark><name>Chimaltenango (tienda)</name><styleUrl>#pin2</styleUrl><Point><coordinates>-90.78532,14.63849,0</coordinates></Point></Placemark>
<Placemark><name>Chimaltenango — hasta 3 hrs</name><styleUrl>#poly2</styleUrl><Polygon><outerBoundaryIs><LinearRing><coordinates>-90.75203,14.43384,0 -90.80095,14.40866,0 -90.84365,14.41716,0 -90.87444,14.44795,0 -90.88227,14.49515,0 -90.89292,14.48687,0 -90.90056,14.46465,0 -90.91912,14.44202,0 -90.93800,14.43071,0 -90.96670,14.42500,0 -90.99540,14.43071,0 -91.01428,14.44202,0 -91.03284,14.46465,0 -91.04060,14.48765,0 -91.06465,14.46716,0 -91.10000,14.45830,0 -91.12870,14.46401,0 -91.15798,14.48572,0 -91.17356,14.51867,0 -91.17356,14.54793,0 -91.16236,14.57497,0 -91.14167,14.59566,0 -91.10735,14.60794,0 -91.07130,14.60259,0 -91.04202,14.58088,0 -91.02610,14.54565,0 -91.00708,14.56313,0 -90.99567,14.59165,0 -91.00431,14.60941,0 -91.03847,14.61153,0 -91.06428,14.62532,0 -91.08847,14.66153,0 -91.09134,14.69065,0 -91.07947,14.72428,0 -91.09944,14.74795,0 -91.10830,14.78330,0 -91.09944,14.81865,0 -91.08088,14.84128,0 -91.04065,14.85794,0 -91.00018,14.85050,0 -90.97497,14.87906,0 -90.93330,14.89170,0 -90.90460,14.88599,0 -90.88572,14.87468,0 -90.86716,14.85205,0 -90.85939,14.82897,0 -90.82177,14.85507,0 -90.79265,14.85794,0 -90.77130,14.85259,0 -90.74202,14.83088,0 -90.72644,14.79793,0 -90.73071,14.75460,0 -90.74202,14.73572,0 -90.76338,14.71791,0 -90.74643,14.70708,0 -90.71817,14.70673,0 -90.71034,14.75395,0 -90.69723,14.77163,0 -90.67290,14.78789,0 -90.62957,14.79216,0 -90.60885,14.78474,0 -90.58622,14.76618,0 -90.57243,14.74037,0 -90.56956,14.71125,0 -90.57806,14.68325,0 -90.60142,14.65707,0 -90.58386,14.63535,0 -90.57644,14.61463,0 -90.57644,14.58537,0 -90.58386,14.56465,0 -90.60242,14.54202,0 -90.64432,14.51933,0 -90.64493,14.47823,0 -90.66912,14.44202,0 -90.70207,14.42644,0 -90.72405,14.42536,0 -90.75203,14.43384,0</coordinates></LinearRing></outerBoundaryIs><innerBoundaryIs><LinearRing><coordinates>-90.85498,14.54194,0 -90.85872,14.54226,0 -90.85933,14.53815,0 -90.85498,14.54194,0</coordinates></LinearRing></innerBoundaryIs></Polygon></Placemark>
<Placemark><name>Chimaltenango — hasta 2 hrs</name><styleUrl>#poly2</styleUrl><Polygon><outerBoundaryIs><LinearRing><coordinates>-90.73653,14.46153,0 -90.75527,14.43027,0 -90.79367,14.40974,0 -90.83007,14.41153,0 -90.86133,14.43027,0 -90.87759,14.45460,0 -90.88294,14.49065,0 -90.87444,14.51865,0 -90.85498,14.54194,0 -90.87870,14.54741,0 -90.90372,14.56442,0 -90.92595,14.55866,0 -90.95507,14.56153,0 -90.99128,14.58572,0 -91.00507,14.61153,0 -91.00622,14.65048,0 -91.02177,14.67823,0 -91.02441,14.70889,0 -91.06865,14.71716,0 -91.08633,14.73027,0 -91.10259,14.75460,0 -91.10686,14.79793,0 -91.08633,14.83633,0 -91.06200,14.85259,0 -91.04065,14.85794,0 -90.99795,14.84944,0 -90.96716,14.81865,0 -90.95889,14.77441,0 -90.91465,14.76614,0 -90.89202,14.74758,0 -90.87931,14.72480,0 -90.86350,14.72226,0 -90.85195,14.72928,0 -90.86929,14.75460,0 -90.87464,14.79065,0 -90.86614,14.81865,0 -90.85303,14.83633,0 -90.82870,14.85259,0 -90.80000,14.85830,0 -90.77130,14.85259,0 -90.74697,14.83633,0 -90.73071,14.81200,0 -90.72536,14.77595,0 -90.73764,14.74163,0 -90.76338,14.71791,0 -90.74643,14.70708,0 -90.70460,14.70259,0 -90.67094,14.67497,0 -90.65866,14.64065,0 -90.66653,14.59926,0 -90.65450,14.55860,0 -90.66021,14.52990,0 -90.67152,14.51102,0 -90.70080,14.48931,0 -90.73332,14.48379,0 -90.73653,14.46153,0</coordinates></LinearRing></outerBoundaryIs></Polygon></Placemark>
<Placemark><name>Chimaltenango — hasta 1 hr</name><styleUrl>#poly2</styleUrl><Polygon><outerBoundaryIs><LinearRing><coordinates>-90.73753,14.55851,0 -90.77130,14.53071,0 -90.80000,14.52500,0 -90.89167,14.55434,0 -90.93633,14.59697,0 -90.95259,14.62130,0 -90.95794,14.65735,0 -90.94566,14.69167,0 -90.91200,14.71929,0 -90.89065,14.72464,0 -90.86350,14.72226,0 -90.81900,14.73700,0 -90.79030,14.73129,0 -90.74643,14.70708,0 -90.71867,14.70686,0 -90.69163,14.69566,0 -90.66401,14.66200,0 -90.65866,14.64065,0 -90.66153,14.61153,0 -90.67532,14.58572,0 -90.69163,14.57094,0 -90.73753,14.55851,0</coordinates></LinearRing></outerBoundaryIs></Polygon></Placemark>
<Placemark><name>Chimaltenango — hasta 45 min</name><styleUrl>#poly2</styleUrl><Polygon><outerBoundaryIs><LinearRing><coordinates>-90.72144,14.63537,0 -90.73264,14.60833,0 -90.75333,14.58764,0 -90.78037,14.57644,0 -90.80963,14.57644,0 -90.83667,14.58764,0 -90.85736,14.60833,0 -90.86856,14.63537,0 -90.86856,14.66463,0 -90.85736,14.69167,0 -90.83667,14.71236,0 -90.80963,14.72356,0 -90.78037,14.72356,0 -90.75333,14.71236,0 -90.73264,14.69167,0 -90.72144,14.66463,0 -90.72144,14.63537,0</coordinates></LinearRing></outerBoundaryIs></Polygon></Placemark>
<Placemark><name>Chimaltenango — hasta 10 min</name><styleUrl>#poly2</styleUrl><Polygon><outerBoundaryIs><LinearRing><coordinates>-90.76411,14.61728,0 -90.78532,14.60849,0 -90.80653,14.61728,0 -90.81532,14.63849,0 -90.80653,14.65971,0 -90.78532,14.66849,0 -90.76410,14.65971,0 -90.75532,14.63849,0 -90.76411,14.61728,0</coordinates></LinearRing></outerBoundaryIs></Polygon></Placemark>
</Folder>
<Folder><name>Mazatenango</name>
<Placemark><name>Mazatenango (tienda)</name><styleUrl>#pin3</styleUrl><Point><coordinates>-91.61238,14.53609,0</coordinates></Point></Placemark>
<Placemark><name>Mazatenango — hasta 6 hrs</name><styleUrl>#poly3</styleUrl><Polygon><outerBoundaryIs><LinearRing><coordinates>-91.46401,14.28800,0 -91.49163,14.25434,0 -91.52595,14.24206,0 -91.56200,14.24741,0 -91.59128,14.26912,0 -91.60686,14.30207,0 -91.60259,14.34540,0 -91.58088,14.37468,0 -91.54497,14.39070,0 -91.55560,14.41365,0 -91.59065,14.40866,0 -91.63282,14.42708,0 -91.67177,14.42823,0 -91.70798,14.45242,0 -91.72480,14.49601,0 -91.75798,14.51912,0 -91.77356,14.55207,0 -91.76929,14.59540,0 -91.74758,14.62468,0 -91.70735,14.64134,0 -91.67042,14.63558,0 -91.65708,14.64643,0 -91.63633,14.68633,0 -91.59793,14.70686,0 -91.55460,14.70259,0 -91.52023,14.67379,0 -91.48156,14.65420,0 -91.44540,14.68599,0 -91.40207,14.69026,0 -91.36367,14.66973,0 -91.35056,14.65205,0 -91.34212,14.62442,0 -91.31153,14.62177,0 -91.28572,14.60798,0 -91.26153,14.57177,0 -91.23380,14.55624,0 -91.20207,14.55686,0 -91.16912,14.54128,0 -91.15056,14.51865,0 -91.14190,14.48739,0 -91.10507,14.50507,0 -91.06867,14.50686,0 -91.03572,14.49128,0 -91.01401,14.46200,0 -91.00974,14.41867,0 -91.01716,14.39795,0 -91.03572,14.37532,0 -91.07595,14.35866,0 -91.11295,14.36446,0 -91.13800,14.34741,0 -91.16670,14.34170,0 -91.19540,14.34741,0 -91.21973,14.36367,0 -91.23599,14.38800,0 -91.24150,14.41261,0 -91.26620,14.42706,0 -91.31200,14.43071,0 -91.34279,14.45446,0 -91.35434,14.42503,0 -91.37503,14.40434,0 -91.42078,14.39190,0 -91.44163,14.37094,0 -91.47163,14.35930,0 -91.45866,14.32405,0 -91.46401,14.28800,0</coordinates></LinearRing></outerBoundaryIs></Polygon></Placemark>
<Placemark><name>Mazatenango — hasta 3 hrs</name><styleUrl>#poly3</styleUrl><Polygon><outerBoundaryIs><LinearRing><coordinates>-91.46401,14.28800,0 -91.48572,14.25872,0 -91.51867,14.24314,0 -91.55507,14.24493,0 -91.58633,14.26367,0 -91.60686,14.30207,0 -91.60507,14.33847,0 -91.58088,14.37468,0 -91.54497,14.39070,0 -91.55560,14.41365,0 -91.59793,14.40974,0 -91.63088,14.42532,0 -91.65259,14.45460,0 -91.65794,14.49065,0 -91.63599,14.56200,0 -91.60809,14.59582,0 -91.60259,14.62870,0 -91.58088,14.65798,0 -91.56200,14.66929,0 -91.53330,14.67500,0 -91.50460,14.66929,0 -91.48156,14.65420,0 -91.45205,14.68284,0 -91.40935,14.69134,0 -91.38135,14.68284,0 -91.35872,14.66428,0 -91.34493,14.63847,0 -91.34228,14.60788,0 -91.31465,14.59944,0 -91.29202,14.58088,0 -91.27823,14.55507,0 -91.27515,14.53024,0 -91.23847,14.55507,0 -91.20935,14.55794,0 -91.18800,14.55259,0 -91.16367,14.53633,0 -91.15056,14.51865,0 -91.14206,14.47595,0 -91.15056,14.44795,0 -91.16367,14.43027,0 -91.18800,14.41401,0 -91.20935,14.40866,0 -91.24540,14.41401,0 -91.26973,14.43027,0 -91.28599,14.45460,0 -91.29155,14.48636,0 -91.31465,14.46716,0 -91.34215,14.45873,0 -91.35056,14.43135,0 -91.36912,14.40872,0 -91.39493,14.39493,0 -91.42078,14.39190,0 -91.44163,14.37094,0 -91.47163,14.35930,0 -91.45866,14.32405,0 -91.46401,14.28800,0</coordinates></LinearRing></outerBoundaryIs></Polygon></Placemark>
<Placemark><name>Mazatenango — hasta 2 hrs</name><styleUrl>#poly3</styleUrl><Polygon><outerBoundaryIs><LinearRing><coordinates>-91.55686,14.41867,0 -91.55787,14.45888,0 -91.58847,14.46153,0 -91.61428,14.47532,0 -91.63284,14.49795,0 -91.64026,14.51867,0 -91.63599,14.56200,0 -91.60809,14.59582,0 -91.60507,14.62177,0 -91.59128,14.64758,0 -91.56200,14.66929,0 -91.53330,14.67500,0 -91.50460,14.66929,0 -91.47952,14.65221,0 -91.44265,14.65794,0 -91.40242,14.64128,0 -91.38386,14.61865,0 -91.37621,14.59637,0 -91.35434,14.57497,0 -91.34314,14.54793,0 -91.34958,14.50000,0 -91.34206,14.45935,0 -91.35872,14.41912,0 -91.38800,14.39741,0 -91.42078,14.39190,0 -91.45460,14.36401,0 -91.49793,14.35974,0 -91.52497,14.37094,0 -91.54566,14.39163,0 -91.55686,14.41867,0</coordinates></LinearRing></outerBoundaryIs></Polygon></Placemark>
<Placemark><name>Mazatenango — hasta 1 hr</name><styleUrl>#poly3</styleUrl><Polygon><outerBoundaryIs><LinearRing><coordinates>-91.55935,14.45866,0 -91.59540,14.46401,0 -91.61973,14.48027,0 -91.63599,14.50460,0 -91.64180,14.54194,0 -91.62906,14.57497,0 -91.60809,14.59582,0 -91.60259,14.62870,0 -91.58633,14.65303,0 -91.55507,14.67177,0 -91.51867,14.67356,0 -91.48572,14.65798,0 -91.45357,14.60708,0 -91.43135,14.59944,0 -91.40872,14.58088,0 -91.39190,14.53739,0 -91.36912,14.52468,0 -91.35056,14.50205,0 -91.34314,14.48133,0 -91.34314,14.45207,0 -91.35872,14.41912,0 -91.38800,14.39741,0 -91.40935,14.39206,0 -91.48330,14.39170,0 -91.51200,14.39741,0 -91.53088,14.40872,0 -91.54944,14.43135,0 -91.55935,14.45866,0</coordinates></LinearRing></outerBoundaryIs></Polygon></Placemark>
<Placemark><name>Mazatenango — hasta 45 min</name><styleUrl>#poly3</styleUrl><Polygon><outerBoundaryIs><LinearRing><coordinates>-91.43537,14.39314,0 -91.51200,14.39741,0 -91.54128,14.41912,0 -91.55686,14.45207,0 -91.55676,14.48172,0 -91.58280,14.53127,0 -91.59335,14.51290,0 -91.61238,14.50609,0 -91.63141,14.51290,0 -91.64180,14.53024,0 -91.63884,14.55023,0 -91.62652,14.56255,0 -91.60652,14.56552,0 -91.59101,14.55714,0 -91.59026,14.58133,0 -91.57906,14.60837,0 -91.55837,14.62906,0 -91.53133,14.64026,0 -91.49493,14.63847,0 -91.46367,14.61973,0 -91.44741,14.59540,0 -91.42918,14.53871,0 -91.39697,14.51973,0 -91.37644,14.48133,0 -91.38071,14.43800,0 -91.40242,14.40872,0 -91.43537,14.39314,0</coordinates></LinearRing></outerBoundaryIs></Polygon></Placemark>
<Placemark><name>Mazatenango — hasta 10 min</name><styleUrl>#poly3</styleUrl><Polygon><outerBoundaryIs><LinearRing><coordinates>-91.58919,14.51706,0 -91.60944,14.50623,0 -91.63141,14.51290,0 -91.64224,14.53315,0 -91.63557,14.55513,0 -91.61532,14.56595,0 -91.59334,14.55929,0 -91.58252,14.53904,0 -91.58919,14.51706,0</coordinates></LinearRing></outerBoundaryIs></Polygon></Placemark>
</Folder>
<Folder><name>Villa Lobos</name>
<Placemark><name>Villa Lobos (tienda)</name><styleUrl>#pin4</styleUrl><Point><coordinates>-90.57758,14.55094,0</coordinates></Point></Placemark>
<Placemark><name>Villa Lobos — hasta 2 hrs</name><styleUrl>#poly4</styleUrl><Polygon><outerBoundaryIs><LinearRing><coordinates>-90.56802,14.42892,0 -90.60097,14.41334,0 -90.63737,14.41513,0 -90.66863,14.43387,0 -90.68737,14.46513,0 -90.68916,14.50153,0 -90.66969,14.55121,0 -90.61954,14.59447,0 -90.65030,14.61026,0 -90.66062,14.62571,0 -90.65822,14.65008,0 -90.63929,14.66562,0 -90.62071,14.66562,0 -90.58970,14.64974,0 -90.56506,14.62667,0 -90.56071,14.60361,0 -90.54029,14.60471,0 -90.51379,14.59121,0 -90.50558,14.57585,0 -90.50728,14.55852,0 -90.48883,14.52757,0 -90.48704,14.49117,0 -90.50262,14.45822,0 -90.53190,14.43651,0 -90.56802,14.42892,0</coordinates></LinearRing></outerBoundaryIs></Polygon></Placemark>
<Placemark><name>Villa Lobos — hasta 1 hr</name><styleUrl>#poly4</styleUrl><Polygon><outerBoundaryIs><LinearRing><coordinates>-90.63478,14.46892,0 -90.67306,14.51694,0 -90.67306,14.54306,0 -90.66182,14.56182,0 -90.62887,14.58926,0 -90.60183,14.60046,0 -90.56790,14.59929,0 -90.54900,14.60600,0 -90.51006,14.58667,0 -90.50514,14.56706,0 -90.51515,14.54755,0 -90.51543,14.50513,0 -90.52922,14.47932,0 -90.54553,14.46454,0 -90.57985,14.45226,0 -90.60897,14.45513,0 -90.63478,14.46892,0</coordinates></LinearRing></outerBoundaryIs></Polygon></Placemark>
<Placemark><name>Villa Lobos — hasta 45 min</name><styleUrl>#poly4</styleUrl><Polygon><outerBoundaryIs><LinearRing><coordinates>-90.51364,14.51227,0 -90.52484,14.48523,0 -90.54553,14.46454,0 -90.57257,14.45334,0 -90.60183,14.45334,0 -90.62887,14.46454,0 -90.64956,14.48523,0 -90.66076,14.51227,0 -90.66076,14.54153,0 -90.64518,14.57448,0 -90.62255,14.59304,0 -90.60183,14.60046,0 -90.56790,14.59929,0 -90.54315,14.60542,0 -90.52779,14.59721,0 -90.52029,14.58471,0 -90.51364,14.51227,0</coordinates></LinearRing></outerBoundaryIs></Polygon></Placemark>
<Placemark><name>Villa Lobos — hasta 10 min</name><styleUrl>#poly4</styleUrl><Polygon><outerBoundaryIs><LinearRing><coordinates>-90.57173,14.52152,0 -90.59425,14.52600,0 -90.60700,14.54509,0 -90.60252,14.56761,0 -90.58343,14.58036,0 -90.56091,14.57589,0 -90.54815,14.55679,0 -90.55263,14.53427,0 -90.57173,14.52152,0</coordinates></LinearRing></outerBoundaryIs></Polygon></Placemark>
</Folder>
<Folder><name>Puerto Barrios</name>
<Placemark><name>Puerto Barrios (tienda)</name><styleUrl>#pin5</styleUrl><Point><coordinates>-88.59004,15.69335,0</coordinates></Point></Placemark>
<Placemark><name>Puerto Barrios — hasta 3 hrs</name><styleUrl>#poly5</styleUrl><MultiGeometry><Polygon><outerBoundaryIs><LinearRing><coordinates>-88.91031,15.32879,0 -88.93278,15.30843,0 -88.95878,15.30586,0 -88.98182,15.31818,0 -88.99414,15.34122,0 -88.99157,15.36722,0 -88.97855,15.38479,0 -88.95878,15.39414,0 -88.93563,15.39260,0 -88.94500,15.42000,0 -88.93479,15.44855,0 -88.90474,15.46474,0 -88.89182,15.49182,0 -88.86785,15.50427,0 -88.86306,15.53306,0 -88.85182,15.55182,0 -88.82241,15.56488,0 -88.80121,15.58969,0 -88.76694,15.59306,0 -88.72145,15.56809,0 -88.70694,15.54636,0 -88.70694,15.52024,0 -88.72500,15.49588,0 -88.75647,15.48882,0 -88.76258,15.47500,0 -88.75522,15.44559,0 -88.76521,15.42145,0 -88.78958,15.40628,0 -88.80148,15.38488,0 -88.83694,15.35694,0 -88.86306,15.35694,0 -88.88836,15.37658,0 -88.91437,15.37740,0 -88.90522,15.35441,0 -88.91031,15.32879,0</coordinates></LinearRing></outerBoundaryIs></Polygon><Polygon><outerBoundaryIs><LinearRing><coordinates>-88.71185,15.58191,0 -88.74478,15.64559,0 -88.73742,15.67500,0 -88.74464,15.70536,0 -88.77500,15.71258,0 -88.79372,15.73958,0 -88.82072,15.75830,0 -88.82830,15.78330,0 -88.81809,15.81185,0 -88.79208,15.82744,0 -88.76209,15.82299,0 -88.73958,15.79372,0 -88.71258,15.77500,0 -88.70536,15.74464,0 -88.68742,15.78500,0 -88.66722,15.80157,0 -88.64122,15.80414,0 -88.59645,15.78979,0 -88.55629,15.73371,0 -88.56685,15.67432,0 -88.58133,15.66464,0 -88.59784,15.66441,0 -88.61879,15.64031,0 -88.64229,15.63511,0 -88.64173,15.59948,0 -88.65148,15.58488,0 -88.67024,15.57364,0 -88.69208,15.57256,0 -88.71185,15.58191,0</coordinates></LinearRing></outerBoundaryIs></Polygon></MultiGeometry></Placemark>
<Placemark><name>Puerto Barrios — hasta 2 hrs</name><styleUrl>#poly5</styleUrl><MultiGeometry><Polygon><outerBoundaryIs><LinearRing><coordinates>-88.76258,15.47500,0 -88.78694,15.45694,0 -88.81306,15.45694,0 -88.85182,15.48818,0 -88.86414,15.51122,0 -88.86306,15.53306,0 -88.85182,15.55182,0 -88.82241,15.56488,0 -88.80855,15.58479,0 -88.78878,15.59414,0 -88.76278,15.59157,0 -88.72500,15.57072,0 -88.70586,15.54208,0 -88.70586,15.52452,0 -88.71521,15.50475,0 -88.73278,15.49173,0 -88.75647,15.48882,0 -88.76258,15.47500,0</coordinates></LinearRing></outerBoundaryIs></Polygon><Polygon><outerBoundaryIs><LinearRing><coordinates>-88.64588,15.59170,0 -88.66209,15.57701,0 -88.68330,15.57170,0 -88.70451,15.57701,0 -88.72072,15.59170,0 -88.74414,15.64122,0 -88.73742,15.67500,0 -88.74464,15.70536,0 -88.77855,15.71521,0 -88.79372,15.73958,0 -88.81185,15.74851,0 -88.82487,15.76608,0 -88.82636,15.79636,0 -88.80830,15.82072,0 -88.78330,15.82830,0 -88.75830,15.82072,0 -88.73958,15.79372,0 -88.71258,15.77500,0 -88.70536,15.74464,0 -88.68479,15.78855,0 -88.65441,15.80478,0 -88.60379,15.79469,0 -88.56506,15.75167,0 -88.55500,15.72500,0 -88.56358,15.67921,0 -88.57856,15.66563,0 -88.59784,15.66441,0 -88.61879,15.64031,0 -88.64229,15.63511,0 -88.63852,15.61229,0 -88.64588,15.59170,0</coordinates></LinearRing></outerBoundaryIs></Polygon></MultiGeometry></Placemark>
<Placemark><name>Puerto Barrios — hasta 1 hr</name><styleUrl>#poly5</styleUrl><Polygon><outerBoundaryIs><LinearRing><coordinates>-88.59843,15.66278,0 -88.61500,15.64258,0 -88.64441,15.63522,0 -88.68500,15.65258,0 -88.69969,15.66879,0 -88.70478,15.68559,0 -88.70026,15.71000,0 -88.70414,15.73878,0 -88.68969,15.78121,0 -88.67121,15.79969,0 -88.65000,15.80500,0 -88.60778,15.79657,0 -88.59318,15.78682,0 -88.58083,15.76354,0 -88.56354,15.74914,0 -88.55500,15.72500,0 -88.56250,15.70521,0 -88.56232,15.68187,0 -88.57590,15.66689,0 -88.59843,15.66278,0</coordinates></LinearRing></outerBoundaryIs></Polygon></Placemark>
<Placemark><name>Puerto Barrios — hasta 45 min</name><styleUrl>#poly5</styleUrl><Polygon><outerBoundaryIs><LinearRing><coordinates>-88.59298,15.66349,0 -88.63573,15.67681,0 -88.64656,15.69706,0 -88.64671,15.75371,0 -88.63703,15.76819,0 -88.62094,15.77486,0 -88.60652,15.77272,0 -88.57681,15.75403,0 -88.56018,15.69629,0 -88.56358,15.67921,0 -88.57590,15.66689,0 -88.59298,15.66349,0</coordinates></LinearRing></outerBoundaryIs></Polygon></Placemark>
<Placemark><name>Puerto Barrios — hasta 10 min</name><styleUrl>#poly5</styleUrl><Polygon><outerBoundaryIs><LinearRing><coordinates>-88.56018,15.69041,0 -88.57101,15.67016,0 -88.59298,15.66349,0 -88.61323,15.67432,0 -88.61990,15.69629,0 -88.60907,15.71654,0 -88.58710,15.72321,0 -88.56685,15.71238,0 -88.56018,15.69041,0</coordinates></LinearRing></outerBoundaryIs></Polygon></Placemark>
</Folder>
<Folder><name>Quetzaltenango</name>
<Placemark><name>Quetzaltenango (tienda)</name><styleUrl>#pin6</styleUrl><Point><coordinates>-91.55013,14.86831,0</coordinates></Point></Placemark>
<Placemark><name>Quetzaltenango — hasta 2 hrs</name><styleUrl>#poly6</styleUrl><Polygon><outerBoundaryIs><LinearRing><coordinates>-91.66401,14.68800,0 -91.68027,14.66367,0 -91.69795,14.65056,0 -91.72595,14.64206,0 -91.74793,14.64314,0 -91.76865,14.65056,0 -91.79128,14.66912,0 -91.80259,14.68800,0 -91.80830,14.71670,0 -91.79944,14.75205,0 -91.78088,14.77468,0 -91.75507,14.78847,0 -91.72018,14.79048,0 -91.72379,14.83693,0 -91.75259,14.87130,0 -91.75686,14.91463,0 -91.74944,14.93535,0 -91.73088,14.95798,0 -91.70507,14.97177,0 -91.67888,14.97478,0 -91.69150,15.02084,0 -91.71929,15.05460,0 -91.72356,15.09793,0 -91.71614,15.11865,0 -91.69758,15.14128,0 -91.67870,15.15259,0 -91.65000,15.15830,0 -91.62130,15.15259,0 -91.60242,15.14128,0 -91.58071,15.11200,0 -91.57520,15.07916,0 -91.55418,15.05809,0 -91.52823,15.05507,0 -91.50242,15.04128,0 -91.47770,15.00295,0 -91.43537,15.00686,0 -91.39697,14.98633,0 -91.37823,14.95507,0 -91.37706,14.91620,0 -91.36401,14.89540,0 -91.35830,14.86670,0 -91.36401,14.83800,0 -91.37708,14.81718,0 -91.38071,14.77130,0 -91.39697,14.74697,0 -91.41465,14.73386,0 -91.46867,14.70974,0 -91.50507,14.71153,0 -91.54128,14.73572,0 -91.55718,14.77085,0 -91.58608,14.77763,0 -91.62130,14.74741,0 -91.66312,14.74292,0 -91.65830,14.71670,0 -91.66401,14.68800,0</coordinates></LinearRing></outerBoundaryIs></Polygon></Placemark>
<Placemark><name>Quetzaltenango — hasta 1.5 hrs</name><styleUrl>#poly6</styleUrl><Polygon><outerBoundaryIs><LinearRing><coordinates>-91.58608,14.77763,0 -91.62130,14.74741,0 -91.64265,14.74206,0 -91.67177,14.74493,0 -91.69758,14.75872,0 -91.72177,14.79493,0 -91.72379,14.83693,0 -91.74566,14.85833,0 -91.75686,14.88537,0 -91.75686,14.91463,0 -91.74128,14.94758,0 -91.71200,14.96929,0 -91.67888,14.97478,0 -91.69150,15.02084,0 -91.71929,15.05460,0 -91.72464,15.09065,0 -91.71614,15.11865,0 -91.70303,15.13633,0 -91.66463,15.15686,0 -91.63537,15.15686,0 -91.60242,15.14128,0 -91.58071,15.11200,0 -91.57520,15.07916,0 -91.55418,15.05809,0 -91.52130,15.05259,0 -91.49697,15.03633,0 -91.48071,15.01200,0 -91.47520,14.97916,0 -91.45418,14.95809,0 -91.42823,14.95507,0 -91.40242,14.94128,0 -91.38386,14.91865,0 -91.37644,14.89793,0 -91.37644,14.86867,0 -91.38763,14.84165,0 -91.37644,14.81463,0 -91.37644,14.78537,0 -91.38764,14.75833,0 -91.40833,14.73764,0 -91.46153,14.71153,0 -91.49065,14.70866,0 -91.51200,14.71401,0 -91.53633,14.73027,0 -91.56347,14.77516,0 -91.58608,14.77763,0</coordinates></LinearRing></outerBoundaryIs></Polygon></Placemark>
<Placemark><name>Quetzaltenango — hasta 1 hr</name><styleUrl>#poly6</styleUrl><Polygon><outerBoundaryIs><LinearRing><coordinates>-91.58608,14.77763,0 -91.62130,14.74741,0 -91.64265,14.74206,0 -91.67177,14.74493,0 -91.69758,14.75872,0 -91.71614,14.78135,0 -91.72356,14.80207,0 -91.72356,14.86463,0 -91.71614,14.88535,0 -91.68999,14.91570,0 -91.67468,14.94758,0 -91.65205,14.96614,0 -91.62444,14.97458,0 -91.62177,15.00507,0 -91.60303,15.03633,0 -91.57177,15.05507,0 -91.53537,15.05686,0 -91.51465,15.04944,0 -91.49202,15.03088,0 -91.47823,15.00507,0 -91.47520,14.97916,0 -91.45418,14.95809,0 -91.41465,14.94944,0 -91.38386,14.91865,0 -91.37500,14.88330,0 -91.38763,14.84165,0 -91.37644,14.81463,0 -91.37644,14.78537,0 -91.38386,14.76465,0 -91.40242,14.74202,0 -91.47595,14.70866,0 -91.50507,14.71153,0 -91.53088,14.72532,0 -91.56347,14.77516,0 -91.58608,14.77763,0</coordinates></LinearRing></outerBoundaryIs></Polygon></Placemark>
<Placemark><name>Quetzaltenango — hasta 45 min</name><styleUrl>#poly6</styleUrl><Polygon><outerBoundaryIs><LinearRing><coordinates>-91.62823,14.77823,0 -91.66463,14.77644,0 -91.70303,14.79697,0 -91.72356,14.83537,0 -91.71929,14.87870,0 -91.66428,14.94128,0 -91.62055,14.95811,0 -91.62177,15.00507,0 -91.59758,15.04128,0 -91.55735,15.05794,0 -91.52130,15.05259,0 -91.48764,15.02497,0 -91.47520,14.97916,0 -91.44741,14.94540,0 -91.44190,14.87922,0 -91.40242,14.85798,0 -91.38386,14.83535,0 -91.37536,14.80735,0 -91.38071,14.77130,0 -91.40833,14.73764,0 -91.45000,14.72500,0 -91.47870,14.73071,0 -91.56347,14.77516,0 -91.60835,14.78763,0 -91.62823,14.77823,0</coordinates></LinearRing></outerBoundaryIs></Polygon></Placemark>
</Folder>
<Folder><name>Teculután</name>
<Placemark><name>Teculután (tienda)</name><styleUrl>#pin7</styleUrl><Point><coordinates>-89.72455,14.98755,0</coordinates></Point></Placemark>
<Placemark><name>Teculután — hasta 2 hrs</name><styleUrl>#poly7</styleUrl><MultiGeometry><Polygon><outerBoundaryIs><LinearRing><coordinates>-90.01185,14.88191,0 -90.02744,14.90792,0 -90.02487,14.93392,0 -90.01185,14.95149,0 -89.96865,14.98284,0 -89.94065,14.99134,0 -89.88690,14.99360,0 -89.85013,14.98390,0 -89.83088,15.00798,0 -89.78871,15.02473,0 -89.75035,15.05924,0 -89.70765,15.06774,0 -89.66403,15.04800,0 -89.65582,15.05208,0 -89.63088,15.09128,0 -89.59793,15.10686,0 -89.56867,15.10686,0 -89.53572,15.09128,0 -89.51716,15.06865,0 -89.50917,15.04406,0 -89.47262,15.01978,0 -89.45704,14.98683,0 -89.45586,14.94122,0 -89.47145,14.91521,0 -89.51597,14.89864,0 -89.54418,14.89792,0 -89.55434,14.87503,0 -89.57503,14.85434,0 -89.62078,14.84190,0 -89.64163,14.82094,0 -89.66867,14.80974,0 -89.69793,14.80974,0 -89.73088,14.82532,0 -89.74944,14.84795,0 -89.75811,14.87945,0 -89.79065,14.87536,0 -89.82007,14.88470,0 -89.83387,14.86557,0 -89.85820,14.84931,0 -89.93330,14.84170,0 -89.96865,14.85056,0 -90.01185,14.88191,0</coordinates></LinearRing></outerBoundaryIs></Polygon><Polygon><outerBoundaryIs><LinearRing><coordinates>-89.37928,15.00830,0 -89.40792,14.98916,0 -89.44170,14.99588,0 -89.46084,15.02452,0 -89.45412,15.05830,0 -89.42548,15.07744,0 -89.39170,15.07072,0 -89.37256,15.04208,0 -89.37928,15.00830,0</coordinates></LinearRing></outerBoundaryIs></Polygon></MultiGeometry></Placemark>
<Placemark><name>Teculután — hasta 1 hr</name><styleUrl>#poly7</styleUrl><Polygon><outerBoundaryIs><LinearRing><coordinates>-89.71716,14.91465,0 -89.73572,14.89202,0 -89.76153,14.87823,0 -89.79065,14.87536,0 -89.81865,14.88386,0 -89.84128,14.90242,0 -89.85507,14.92823,0 -89.85794,14.95735,0 -89.84944,14.98535,0 -89.82497,15.01236,0 -89.78871,15.02473,0 -89.76258,15.05108,0 -89.73677,15.06487,0 -89.70037,15.06666,0 -89.66403,15.04800,0 -89.65582,15.05208,0 -89.63633,15.08633,0 -89.60507,15.10507,0 -89.56153,15.10507,0 -89.52532,15.08088,0 -89.51153,15.05507,0 -89.50866,15.02595,0 -89.51716,14.99795,0 -89.53572,14.97532,0 -89.57595,14.95866,0 -89.62166,14.96896,0 -89.64549,14.94361,0 -89.71716,14.91465,0</coordinates></LinearRing></outerBoundaryIs></Polygon></Placemark>
<Placemark><name>Teculután — hasta 45 min</name><styleUrl>#poly7</styleUrl><Polygon><outerBoundaryIs><LinearRing><coordinates>-89.70037,14.91954,0 -89.76306,14.91694,0 -89.78479,14.93145,0 -89.79414,14.95122,0 -89.79914,15.00378,0 -89.78979,15.02355,0 -89.75667,15.05546,0 -89.72963,15.06666,0 -89.70037,15.06666,0 -89.67333,15.05546,0 -89.65264,15.03477,0 -89.64144,15.00773,0 -89.64144,14.97847,0 -89.65264,14.95143,0 -89.67333,14.93074,0 -89.70037,14.91954,0</coordinates></LinearRing></outerBoundaryIs></Polygon></Placemark>
</Folder>
<Folder><name>Atlántico</name>
<Placemark><name>Atlántico (tienda)</name><styleUrl>#pin8</styleUrl><Point><coordinates>-90.42969,14.65192,0</coordinates></Point></Placemark>
<Placemark><name>Atlántico — hasta 3 hrs</name><styleUrl>#poly8</styleUrl><MultiGeometry><Polygon><outerBoundaryIs><LinearRing><coordinates>-90.48661,14.58722,0 -90.49185,14.60814,0 -90.48454,14.62552,0 -90.51530,14.63126,0 -90.52456,14.64375,0 -90.52639,14.66224,0 -90.48903,14.71319,0 -90.44060,14.73498,0 -90.45507,14.76153,0 -90.45794,14.79065,0 -90.44944,14.81865,0 -90.43088,14.84128,0 -90.39793,14.85686,0 -90.36867,14.85686,0 -90.33572,14.84128,0 -90.31646,14.81718,0 -90.26867,14.82356,0 -90.24795,14.81614,0 -90.22532,14.79758,0 -90.20974,14.76463,0 -90.20843,14.71608,0 -90.22145,14.69851,0 -90.27982,14.65982,0 -90.29031,14.62879,0 -90.30697,14.60697,0 -90.32465,14.59386,0 -90.35073,14.58565,0 -90.34206,14.54265,0 -90.35056,14.51465,0 -90.36442,14.49628,0 -90.35866,14.47405,0 -90.36153,14.44493,0 -90.38027,14.41367,0 -90.40460,14.39741,0 -90.43330,14.39170,0 -90.46200,14.39741,0 -90.48633,14.41367,0 -90.50259,14.43800,0 -90.50794,14.47405,0 -90.49944,14.50205,0 -90.48558,14.52042,0 -90.49170,14.55000,0 -90.48661,14.58722,0</coordinates></LinearRing></outerBoundaryIs></Polygon><Polygon><outerBoundaryIs><LinearRing><coordinates>-90.00830,14.87928,0 -90.03599,14.92130,0 -90.04170,14.95000,0 -90.03284,14.98535,0 -90.00205,15.01614,0 -89.96670,15.02500,0 -89.93135,15.01614,0 -89.86716,14.95205,0 -89.85866,14.92405,0 -89.86153,14.89493,0 -89.87532,14.86912,0 -89.89795,14.85056,0 -89.92595,14.84206,0 -89.95507,14.84493,0 -90.00830,14.87928,0</coordinates></LinearRing></outerBoundaryIs></Polygon></MultiGeometry></Placemark>
<Placemark><name>Atlántico — hasta 2 hrs</name><styleUrl>#poly8</styleUrl><Polygon><outerBoundaryIs><LinearRing><coordinates>-90.43178,14.58992,0 -90.45376,14.57361,0 -90.47778,14.57839,0 -90.49185,14.60186,0 -90.48454,14.62552,0 -90.51278,14.62939,0 -90.52700,14.65600,0 -90.52161,14.67378,0 -90.49988,14.69242,0 -90.49121,14.71121,0 -90.44060,14.73498,0 -90.45259,14.75460,0 -90.45830,14.78330,0 -90.45259,14.81200,0 -90.43633,14.83633,0 -90.40507,14.85507,0 -90.36867,14.85686,0 -90.33572,14.84128,0 -90.31646,14.81718,0 -90.26867,14.82356,0 -90.23027,14.80303,0 -90.21153,14.77177,0 -90.20522,14.73771,0 -90.20843,14.71608,0 -90.22145,14.69851,0 -90.27982,14.65982,0 -90.29031,14.62879,0 -90.30697,14.60697,0 -90.33130,14.59071,0 -90.36735,14.58536,0 -90.39535,14.59386,0 -90.42477,14.62236,0 -90.43300,14.62212,0 -90.42800,14.60500,0 -90.43178,14.58992,0</coordinates></LinearRing></outerBoundaryIs></Polygon></Placemark>
<Placemark><name>Atlántico — hasta 1 hr</name><styleUrl>#poly8</styleUrl><Polygon><outerBoundaryIs><LinearRing><coordinates>-90.47586,14.62954,0 -90.50148,14.62828,0 -90.51772,14.64452,0 -90.51871,14.66471,0 -90.50319,14.68903,0 -90.47500,14.71742,0 -90.44306,14.73306,0 -90.42122,14.73414,0 -90.39645,14.72179,0 -90.38343,14.70422,0 -90.38022,14.68259,0 -90.40650,14.63289,0 -90.42969,14.62192,0 -90.46447,14.63744,0 -90.47586,14.62954,0</coordinates></LinearRing></outerBoundaryIs></Polygon></Placemark>
<Placemark><name>Atlántico — hasta 45 min</name><styleUrl>#poly8</styleUrl><Polygon><outerBoundaryIs><LinearRing><coordinates>-90.40027,14.65777,0 -90.40848,14.63071,0 -90.42384,14.62250,0 -90.44383,14.62546,0 -90.45798,14.64206,0 -90.47852,14.62828,0 -90.49294,14.62614,0 -90.51319,14.63697,0 -90.51986,14.65894,0 -90.49903,14.69319,0 -90.46706,14.70486,0 -90.44879,14.69621,0 -90.44044,14.67990,0 -90.42384,14.68134,0 -90.40848,14.67313,0 -90.40027,14.65777,0</coordinates></LinearRing></outerBoundaryIs></Polygon></Placemark>
<Placemark><name>Atlántico — hasta 10 min</name><styleUrl>#poly8</styleUrl><Polygon><outerBoundaryIs><LinearRing><coordinates>-90.39983,14.64898,0 -90.41066,14.62873,0 -90.43263,14.62206,0 -90.45288,14.63289,0 -90.45955,14.65486,0 -90.44872,14.67511,0 -90.42675,14.68178,0 -90.40650,14.67095,0 -90.39983,14.64898,0</coordinates></LinearRing></outerBoundaryIs></Polygon></Placemark>
</Folder>
<Folder><name>Petén</name>
<Placemark><name>Petén (tienda)</name><styleUrl>#pin9</styleUrl><Point><coordinates>-89.87647,16.91339,0</coordinates></Point></Placemark>
<Placemark><name>Petén — hasta 3 hrs</name><styleUrl>#poly9</styleUrl><MultiGeometry><Polygon><outerBoundaryIs><LinearRing><coordinates>-90.12094,16.47503,0 -90.14163,16.45434,0 -90.16867,16.44314,0 -90.19793,16.44314,0 -90.22497,16.45434,0 -90.24566,16.47503,0 -90.25686,16.50207,0 -90.25686,16.53133,0 -90.24566,16.55837,0 -90.22497,16.57906,0 -90.19793,16.59026,0 -90.16867,16.59026,0 -90.14163,16.57906,0 -90.12094,16.55837,0 -90.10974,16.53133,0 -90.10974,16.50207,0 -90.12094,16.47503,0</coordinates></LinearRing></outerBoundaryIs></Polygon><Polygon><outerBoundaryIs><LinearRing><coordinates>-90.25434,16.57503,0 -90.27503,16.55434,0 -90.30207,16.54314,0 -90.33133,16.54314,0 -90.35837,16.55434,0 -90.37906,16.57503,0 -90.39026,16.60207,0 -90.39026,16.63133,0 -90.37906,16.65837,0 -90.35837,16.67906,0 -90.33847,16.68847,0 -90.29330,16.68789,0 -90.29414,16.70878,0 -90.28479,16.72855,0 -90.26722,16.74157,0 -90.24464,16.74464,0 -90.24157,16.76722,0 -90.22500,16.78742,0 -90.19084,16.79404,0 -90.17906,16.82497,0 -90.15837,16.84566,0 -90.11670,16.85830,0 -90.07503,16.84566,0 -90.04741,16.81200,0 -90.04417,16.76457,0 -90.02145,16.75479,0 -90.00843,16.73722,0 -90.00522,16.71559,0 -90.01258,16.69500,0 -90.03278,16.67843,0 -90.06164,16.67658,0 -90.07879,16.66031,0 -90.10441,16.65522,0 -90.13479,16.67145,0 -90.14414,16.69122,0 -90.14303,16.71316,0 -90.16303,16.72440,0 -90.18278,16.70843,0 -90.20536,16.70536,0 -90.20694,16.68694,0 -90.21818,16.66818,0 -90.25239,16.65512,0 -90.24170,16.61670,0 -90.25434,16.57503,0</coordinates></LinearRing></outerBoundaryIs></Polygon><Polygon><outerBoundaryIs><LinearRing><coordinates>-90.36258,16.77500,0 -90.39122,16.75586,0 -90.42500,16.76258,0 -90.44414,16.79122,0 -90.43742,16.82500,0 -90.40878,16.84414,0 -90.37500,16.83742,0 -90.35586,16.80878,0 -90.36258,16.77500,0</coordinates></LinearRing></outerBoundaryIs></Polygon><Polygon><outerBoundaryIs><LinearRing><coordinates>-89.88537,16.75974,0 -89.91463,16.75974,0 -89.93535,16.76716,0 -89.95303,16.78027,0 -89.96929,16.80460,0 -89.97464,16.84065,0 -89.96603,16.86885,0 -89.98186,16.90207,0 -89.98205,16.93002,0 -89.99478,16.98559,0 -89.99157,17.00722,0 -89.98182,17.02182,0 -89.92870,17.05259,0 -89.89265,17.05794,0 -89.85833,17.04566,0 -89.83754,17.02480,0 -89.82121,17.03969,0 -89.79559,17.04478,0 -89.77500,17.03742,0 -89.75001,17.01348,0 -89.72976,17.02636,0 -89.70792,17.02744,0 -89.65148,16.99852,0 -89.63830,16.96670,0 -89.64361,16.94549,0 -89.65475,16.93191,0 -89.67024,16.92364,0 -89.69208,16.92256,0 -89.74669,16.94982,0 -89.77512,16.91251,0 -89.78258,16.88500,0 -89.79594,16.87202,0 -89.75872,16.84758,0 -89.74295,16.81337,0 -89.72855,16.83479,0 -89.70878,16.84414,0 -89.67879,16.83969,0 -89.65835,16.81701,0 -89.63392,16.84157,0 -89.61670,16.84500,0 -89.59549,16.83969,0 -89.57928,16.82500,0 -89.57256,16.80878,0 -89.57364,16.78694,0 -89.58488,16.76818,0 -89.60364,16.75694,0 -89.62548,16.75586,0 -89.64525,16.76521,0 -89.65835,16.78299,0 -89.67500,16.76258,0 -89.70441,16.75522,0 -89.72855,16.76521,0 -89.74295,16.78663,0 -89.75056,16.76465,0 -89.76912,16.74202,0 -89.78800,16.73071,0 -89.81670,16.72500,0 -89.85205,16.73386,0 -89.88537,16.75974,0</coordinates></LinearRing></outerBoundaryIs></Polygon><Polygon><outerBoundaryIs><LinearRing><coordinates>-89.37094,16.15833,0 -89.40460,16.13071,0 -89.44793,16.12644,0 -89.48633,16.14697,0 -89.50507,16.17823,0 -89.50794,16.20735,0 -89.49944,16.23535,0 -89.48088,16.25798,0 -89.45800,16.27072,0 -89.48599,16.30460,0 -89.49134,16.32595,0 -89.48847,16.35507,0 -89.46973,16.38633,0 -89.43847,16.40507,0 -89.40935,16.40794,0 -89.38135,16.39944,0 -89.35872,16.38088,0 -89.34493,16.35507,0 -89.34206,16.32595,0 -89.35056,16.29795,0 -89.36912,16.27532,0 -89.39200,16.26258,0 -89.37094,16.24167,0 -89.35974,16.21463,0 -89.35974,16.18537,0 -89.37094,16.15833,0</coordinates></LinearRing></outerBoundaryIs></Polygon><Polygon><outerBoundaryIs><LinearRing><coordinates>-89.35434,16.47503,0 -89.37503,16.45434,0 -89.40207,16.44314,0 -89.43133,16.44314,0 -89.46428,16.45872,0 -89.48284,16.48135,0 -89.49026,16.50207,0 -89.49478,16.55441,0 -89.48479,16.57855,0 -89.46722,16.59157,0 -89.45000,16.59500,0 -89.39493,16.58847,0 -89.36912,16.57468,0 -89.35056,16.55205,0 -89.34314,16.53133,0 -89.34314,16.50207,0 -89.35434,16.47503,0</coordinates></LinearRing></outerBoundaryIs></Polygon><Polygon><outerBoundaryIs><LinearRing><coordinates>-89.58764,16.62503,0 -89.60833,16.60434,0 -89.63537,16.59314,0 -89.66463,16.59314,0 -89.69167,16.60434,0 -89.71236,16.62503,0 -89.72356,16.65207,0 -89.72356,16.68133,0 -89.71236,16.70837,0 -89.69167,16.72906,0 -89.66463,16.74026,0 -89.63537,16.74026,0 -89.60833,16.72906,0 -89.58764,16.70837,0 -89.57644,16.68133,0 -89.57644,16.65207,0 -89.58764,16.62503,0</coordinates></LinearRing></outerBoundaryIs></Polygon><Polygon><outerBoundaryIs><LinearRing><coordinates>-89.09202,17.01912,0 -89.11465,17.00056,0 -89.14265,16.99206,0 -89.17177,16.99493,0 -89.19758,17.00872,0 -89.21614,17.03135,0 -89.22464,17.05935,0 -89.22177,17.08847,0 -89.20798,17.11428,0 -89.18535,17.13284,0 -89.15735,17.14134,0 -89.12823,17.13847,0 -89.10242,17.12468,0 -89.08386,17.10205,0 -89.07536,17.07405,0 -89.07823,17.04493,0 -89.09202,17.01912,0</coordinates></LinearRing></outerBoundaryIs></Polygon><Polygon><outerBoundaryIs><LinearRing><coordinates>-89.60051,17.20297,0 -89.62076,17.19214,0 -89.64273,17.19881,0 -89.65356,17.21906,0 -89.64689,17.24103,0 -89.62664,17.25186,0 -89.60467,17.24519,0 -89.59384,17.22494,0 -89.60051,17.20297,0</coordinates></LinearRing></outerBoundaryIs></Polygon></MultiGeometry></Placemark>
<Placemark><name>Petén — hasta 2 hrs</name><styleUrl>#poly9</styleUrl><MultiGeometry><Polygon><outerBoundaryIs><LinearRing><coordinates>-90.25056,16.58135,0 -90.26912,16.55872,0 -90.29493,16.54493,0 -90.32405,16.54206,0 -90.35205,16.55056,0 -90.37468,16.56912,0 -90.38847,16.59493,0 -90.39134,16.62405,0 -90.38284,16.65205,0 -90.36428,16.67468,0 -90.33847,16.68847,0 -90.30935,16.69134,0 -90.28135,16.68284,0 -90.25872,16.66428,0 -90.24493,16.63847,0 -90.24206,16.60935,0 -90.25056,16.58135,0</coordinates></LinearRing></outerBoundaryIs></Polygon><Polygon><outerBoundaryIs><LinearRing><coordinates>-90.07879,16.66031,0 -90.10441,16.65522,0 -90.13182,16.66818,0 -90.14414,16.69122,0 -90.14303,16.71316,0 -90.16973,16.73027,0 -90.18847,16.76153,0 -90.19134,16.79065,0 -90.18284,16.81865,0 -90.16428,16.84128,0 -90.13847,16.85507,0 -90.10207,16.85686,0 -90.06367,16.83633,0 -90.04493,16.80507,0 -90.04417,16.76457,0 -90.02145,16.75479,0 -90.00694,16.73306,0 -90.00586,16.71122,0 -90.01818,16.68818,0 -90.03694,16.67694,0 -90.06164,16.67658,0 -90.07879,16.66031,0</coordinates></LinearRing></outerBoundaryIs></Polygon><Polygon><outerBoundaryIs><LinearRing><coordinates>-89.88537,16.75974,0 -89.91463,16.75974,0 -89.94167,16.77094,0 -89.95798,16.78572,0 -89.97177,16.81153,0 -89.97464,16.84065,0 -89.96603,16.86885,0 -89.98007,16.89493,0 -89.99170,16.96670,0 -89.98599,16.99540,0 -89.96973,17.01973,0 -89.93535,17.04944,0 -89.89265,17.05794,0 -89.87130,17.05259,0 -89.84697,17.03633,0 -89.83071,17.01200,0 -89.82520,16.98727,0 -89.81182,17.01182,0 -89.78441,17.02478,0 -89.75001,17.01348,0 -89.72976,17.02636,0 -89.70792,17.02744,0 -89.65148,16.99852,0 -89.63830,16.96670,0 -89.64361,16.94549,0 -89.65475,16.93191,0 -89.67024,16.92364,0 -89.69208,16.92256,0 -89.74669,16.94982,0 -89.77512,16.91251,0 -89.78258,16.88500,0 -89.79594,16.87202,0 -89.76367,16.85303,0 -89.74493,16.82177,0 -89.74314,16.78537,0 -89.76367,16.74697,0 -89.78800,16.73071,0 -89.82405,16.72536,0 -89.85205,16.73386,0 -89.88537,16.75974,0</coordinates></LinearRing></outerBoundaryIs></Polygon><Polygon><outerBoundaryIs><LinearRing><coordinates>-89.35434,16.47503,0 -89.37503,16.45434,0 -89.40207,16.44314,0 -89.43133,16.44314,0 -89.46428,16.45872,0 -89.48284,16.48135,0 -89.49026,16.50207,0 -89.49478,16.55441,0 -89.48479,16.57855,0 -89.46722,16.59157,0 -89.45000,16.59500,0 -89.39493,16.58847,0 -89.36912,16.57468,0 -89.35056,16.55205,0 -89.34314,16.53133,0 -89.34314,16.50207,0 -89.35434,16.47503,0</coordinates></LinearRing></outerBoundaryIs></Polygon><Polygon><outerBoundaryIs><LinearRing><coordinates>-89.58764,16.62503,0 -89.60833,16.60434,0 -89.63537,16.59314,0 -89.66463,16.59314,0 -89.69167,16.60434,0 -89.71236,16.62503,0 -89.72356,16.65207,0 -89.72356,16.68133,0 -89.71236,16.70837,0 -89.69167,16.72906,0 -89.66463,16.74026,0 -89.63537,16.74026,0 -89.60833,16.72906,0 -89.58764,16.70837,0 -89.57644,16.68133,0 -89.57644,16.65207,0 -89.58764,16.62503,0</coordinates></LinearRing></outerBoundaryIs></Polygon><Polygon><outerBoundaryIs><LinearRing><coordinates>-89.57928,16.77500,0 -89.60792,16.75586,0 -89.64170,16.76258,0 -89.66084,16.79122,0 -89.65412,16.82500,0 -89.62548,16.84414,0 -89.59170,16.83742,0 -89.57256,16.80878,0 -89.57928,16.77500,0</coordinates></LinearRing></outerBoundaryIs></Polygon><Polygon><outerBoundaryIs><LinearRing><coordinates>-89.08764,17.02503,0 -89.10833,17.00434,0 -89.13537,16.99314,0 -89.16463,16.99314,0 -89.19167,17.00434,0 -89.21236,17.02503,0 -89.22356,17.05207,0 -89.22356,17.08133,0 -89.21236,17.10837,0 -89.19167,17.12906,0 -89.16463,17.14026,0 -89.13537,17.14026,0 -89.10833,17.12906,0 -89.08764,17.10837,0 -89.07644,17.08133,0 -89.07644,17.05207,0 -89.08764,17.02503,0</coordinates></LinearRing></outerBoundaryIs></Polygon></MultiGeometry></Placemark>
<Placemark><name>Petén — hasta 1 hr</name><styleUrl>#poly9</styleUrl><MultiGeometry><Polygon><outerBoundaryIs><LinearRing><coordinates>-89.88537,16.75974,0 -89.91463,16.75974,0 -89.94167,16.77094,0 -89.95798,16.78572,0 -89.97177,16.81153,0 -89.97464,16.84065,0 -89.96603,16.86885,0 -89.98007,16.89493,0 -89.99170,16.96670,0 -89.98599,16.99540,0 -89.96973,17.01973,0 -89.93535,17.04944,0 -89.89265,17.05794,0 -89.87130,17.05259,0 -89.84697,17.03633,0 -89.83071,17.01200,0 -89.82520,16.98727,0 -89.81182,17.01182,0 -89.78441,17.02478,0 -89.75001,17.01348,0 -89.72976,17.02636,0 -89.70792,17.02744,0 -89.65148,16.99852,0 -89.63830,16.96670,0 -89.64361,16.94549,0 -89.65475,16.93191,0 -89.67024,16.92364,0 -89.69208,16.92256,0 -89.74669,16.94982,0 -89.77512,16.91251,0 -89.78258,16.88500,0 -89.79594,16.87202,0 -89.76367,16.85303,0 -89.74493,16.82177,0 -89.74314,16.78537,0 -89.76367,16.74697,0 -89.78800,16.73071,0 -89.82405,16.72536,0 -89.85205,16.73386,0 -89.88537,16.75974,0</coordinates></LinearRing></outerBoundaryIs></Polygon><Polygon><outerBoundaryIs><LinearRing><coordinates>-89.58764,16.62503,0 -89.60833,16.60434,0 -89.63537,16.59314,0 -89.66463,16.59314,0 -89.69167,16.60434,0 -89.71236,16.62503,0 -89.72356,16.65207,0 -89.72356,16.68133,0 -89.71236,16.70837,0 -89.69167,16.72906,0 -89.66463,16.74026,0 -89.63537,16.74026,0 -89.60833,16.72906,0 -89.58764,16.70837,0 -89.57644,16.68133,0 -89.57644,16.65207,0 -89.58764,16.62503,0</coordinates></LinearRing></outerBoundaryIs></Polygon><Polygon><outerBoundaryIs><LinearRing><coordinates>-89.57928,16.77500,0 -89.60792,16.75586,0 -89.64170,16.76258,0 -89.66084,16.79122,0 -89.65412,16.82500,0 -89.62548,16.84414,0 -89.59170,16.83742,0 -89.57256,16.80878,0 -89.57928,16.77500,0</coordinates></LinearRing></outerBoundaryIs></Polygon></MultiGeometry></Placemark>
<Placemark><name>Petén — hasta 45 min</name><styleUrl>#poly9</styleUrl><MultiGeometry><Polygon><outerBoundaryIs><LinearRing><coordinates>-89.85465,16.85386,0 -89.92293,16.84314,0 -89.94997,16.85434,0 -89.97444,16.88135,0 -89.98330,16.91670,0 -89.97444,16.95205,0 -89.95588,16.97468,0 -89.93007,16.98847,0 -89.89000,16.99500,0 -89.86130,16.98929,0 -89.83697,16.97303,0 -89.82071,16.94870,0 -89.81500,16.92500,0 -89.81823,16.89823,0 -89.83202,16.87242,0 -89.85465,16.85386,0</coordinates></LinearRing></outerBoundaryIs></Polygon><Polygon><outerBoundaryIs><LinearRing><coordinates>-89.64588,16.94170,0 -89.66209,16.92701,0 -89.68330,16.92170,0 -89.73791,16.94361,0 -89.75976,16.97024,0 -89.75639,17.00451,0 -89.74170,17.02072,0 -89.71670,17.02830,0 -89.66209,17.00639,0 -89.64588,16.99170,0 -89.63916,16.97548,0 -89.64588,16.94170,0</coordinates></LinearRing></outerBoundaryIs></Polygon></MultiGeometry></Placemark>
<Placemark><name>Petén — hasta 10 min</name><styleUrl>#poly9</styleUrl><Polygon><outerBoundaryIs><LinearRing><coordinates>-89.84661,16.91045,0 -89.85744,16.89020,0 -89.87941,16.88353,0 -89.89966,16.89436,0 -89.90633,16.91633,0 -89.89550,16.93658,0 -89.87353,16.94325,0 -89.85328,16.93242,0 -89.84661,16.91045,0</coordinates></LinearRing></outerBoundaryIs></Polygon></Placemark>
</Folder>
<Folder><name>Huehuetenango</name>
<Placemark><name>Huehuetenango (tienda)</name><styleUrl>#pin10</styleUrl><Point><coordinates>-91.49326,15.31127,0</coordinates></Point></Placemark>
<Placemark><name>Huehuetenango — hasta 3 hrs</name><styleUrl>#poly10</styleUrl><MultiGeometry><Polygon><outerBoundaryIs><LinearRing><coordinates>-91.41716,15.19795,0 -91.43572,15.17532,0 -91.46153,15.16153,0 -91.49065,15.15866,0 -91.51865,15.16716,0 -91.54128,15.18572,0 -91.55507,15.21153,0 -91.55794,15.24065,0 -91.55079,15.26581,0 -91.58330,15.25830,0 -91.61200,15.26401,0 -91.66428,15.29202,0 -91.68900,15.33035,0 -91.71670,15.32500,0 -91.75000,15.33288,0 -91.78330,15.32500,0 -91.81865,15.33386,0 -91.83633,15.34697,0 -91.85259,15.37130,0 -91.85830,15.40000,0 -91.85347,15.42623,0 -91.87982,15.42622,0 -91.87500,15.40000,0 -91.88071,15.37130,0 -91.89697,15.34697,0 -91.91465,15.33386,0 -91.95735,15.32536,0 -91.99758,15.34202,0 -92.01929,15.37130,0 -92.02356,15.41463,0 -92.01236,15.44167,0 -91.99167,15.46236,0 -91.96463,15.47356,0 -91.93688,15.47378,0 -91.94170,15.50000,0 -91.93558,15.52958,0 -91.95259,15.55460,0 -91.95830,15.58330,0 -91.95259,15.61200,0 -91.94128,15.63088,0 -91.91865,15.64944,0 -91.89793,15.65686,0 -91.85460,15.65259,0 -91.83027,15.63633,0 -91.81401,15.61200,0 -91.80830,15.58330,0 -91.81227,15.55947,0 -91.78133,15.57356,0 -91.74493,15.57177,0 -91.71367,15.55303,0 -91.69569,15.52389,0 -91.67101,15.52391,0 -91.64758,15.55798,0 -91.61463,15.57356,0 -91.58537,15.57356,0 -91.55242,15.55798,0 -91.53071,15.52870,0 -91.52536,15.49265,0 -91.53764,15.45833,0 -91.55851,15.43753,0 -91.56365,15.40560,0 -91.54163,15.39566,0 -91.52074,15.37464,0 -91.49167,15.41236,0 -91.46463,15.42356,0 -91.44265,15.42464,0 -91.40833,15.41236,0 -91.38071,15.37870,0 -91.37536,15.35735,0 -91.37823,15.32823,0 -91.41739,15.26905,0 -91.40830,15.23330,0 -91.41716,15.19795,0</coordinates></LinearRing></outerBoundaryIs></Polygon><Polygon><outerBoundaryIs><LinearRing><coordinates>-91.39031,14.97879,0 -91.41694,14.95694,0 -91.45121,14.96031,0 -91.47306,14.98694,0 -91.46969,15.02121,0 -91.44306,15.04306,0 -91.40879,15.03969,0 -91.38694,15.01306,0 -91.39031,14.97879,0</coordinates></LinearRing></outerBoundaryIs></Polygon><Polygon><outerBoundaryIs><LinearRing><coordinates>-91.23386,15.31465,0 -91.25242,15.29202,0 -91.27823,15.27823,0 -91.30735,15.27536,0 -91.33535,15.28386,0 -91.35798,15.30242,0 -91.37177,15.32823,0 -91.37464,15.35735,0 -91.36614,15.38535,0 -91.34758,15.40798,0 -91.32177,15.42177,0 -91.29265,15.42464,0 -91.26465,15.41614,0 -91.24202,15.39758,0 -91.22823,15.37177,0 -91.22536,15.34265,0 -91.23386,15.31465,0</coordinates></LinearRing></outerBoundaryIs></Polygon><Polygon><outerBoundaryIs><LinearRing><coordinates>-91.38764,15.55833,0 -91.40833,15.53764,0 -91.43537,15.52644,0 -91.46463,15.52644,0 -91.49167,15.53764,0 -91.51236,15.55833,0 -91.52356,15.58537,0 -91.52356,15.61463,0 -91.51236,15.64167,0 -91.49167,15.66236,0 -91.46463,15.67356,0 -91.43537,15.67356,0 -91.40833,15.66236,0 -91.38764,15.64167,0 -91.37644,15.61463,0 -91.37644,15.58537,0 -91.38764,15.55833,0</coordinates></LinearRing></outerBoundaryIs></Polygon></MultiGeometry></Placemark>
<Placemark><name>Huehuetenango — hasta 2 hrs</name><styleUrl>#poly10</styleUrl><MultiGeometry><Polygon><outerBoundaryIs><LinearRing><coordinates>-91.41401,15.20460,0 -91.43027,15.18027,0 -91.45460,15.16401,0 -91.47595,15.15866,0 -91.50507,15.16153,0 -91.53633,15.18027,0 -91.55259,15.20460,0 -91.55830,15.23330,0 -91.55079,15.26581,0 -91.58330,15.25830,0 -91.61200,15.26401,0 -91.66428,15.29202,0 -91.68900,15.33035,0 -91.71670,15.32500,0 -91.75000,15.33288,0 -91.79065,15.32536,0 -91.83088,15.34202,0 -91.84944,15.36465,0 -91.85830,15.40000,0 -91.84944,15.43535,0 -91.82947,15.45902,0 -91.84026,15.48537,0 -91.84134,15.50735,0 -91.82468,15.54758,0 -91.79540,15.56929,0 -91.75207,15.57356,0 -91.71912,15.55798,0 -91.69569,15.52389,0 -91.66867,15.52356,0 -91.63598,15.50817,0 -91.59795,15.49944,0 -91.58027,15.48633,0 -91.56401,15.46200,0 -91.55830,15.43330,0 -91.56365,15.40560,0 -91.54163,15.39566,0 -91.52074,15.37464,0 -91.50303,15.40303,0 -91.47177,15.42177,0 -91.43537,15.42356,0 -91.40242,15.40798,0 -91.38071,15.37870,0 -91.37536,15.34265,0 -91.38386,15.31465,0 -91.41739,15.26905,0 -91.40866,15.24065,0 -91.41401,15.20460,0</coordinates></LinearRing></outerBoundaryIs></Polygon><Polygon><outerBoundaryIs><LinearRing><coordinates>-91.39031,14.97879,0 -91.41694,14.95694,0 -91.45121,14.96031,0 -91.47306,14.98694,0 -91.46969,15.02121,0 -91.44306,15.04306,0 -91.40879,15.03969,0 -91.38694,15.01306,0 -91.39031,14.97879,0</coordinates></LinearRing></outerBoundaryIs></Polygon><Polygon><outerBoundaryIs><LinearRing><coordinates>-91.23386,15.31465,0 -91.25242,15.29202,0 -91.27823,15.27823,0 -91.30735,15.27536,0 -91.33535,15.28386,0 -91.35798,15.30242,0 -91.37177,15.32823,0 -91.37464,15.35735,0 -91.36614,15.38535,0 -91.34758,15.40798,0 -91.32177,15.42177,0 -91.29265,15.42464,0 -91.26465,15.41614,0 -91.24202,15.39758,0 -91.22823,15.37177,0 -91.22536,15.34265,0 -91.23386,15.31465,0</coordinates></LinearRing></outerBoundaryIs></Polygon></MultiGeometry></Placemark>
<Placemark><name>Huehuetenango — hasta 1 hr</name><styleUrl>#poly10</styleUrl><Polygon><outerBoundaryIs><LinearRing><coordinates>-91.41401,15.20460,0 -91.43027,15.18027,0 -91.46153,15.16153,0 -91.49065,15.15866,0 -91.52497,15.17094,0 -91.54128,15.18572,0 -91.55507,15.21153,0 -91.55794,15.24065,0 -91.55079,15.26581,0 -91.57595,15.25866,0 -91.60507,15.26153,0 -91.65837,15.28764,0 -91.67906,15.30833,0 -91.69170,15.35000,0 -91.67906,15.39167,0 -91.64540,15.41929,0 -91.62405,15.42464,0 -91.59493,15.42177,0 -91.53027,15.38633,0 -91.51401,15.36200,0 -91.50849,15.33708,0 -91.46500,15.39742,0 -91.44000,15.40500,0 -91.41500,15.39742,0 -91.40031,15.38121,0 -91.39500,15.36000,0 -91.40031,15.33879,0 -91.41232,15.32457,0 -91.40500,15.30000,0 -91.41739,15.26905,0 -91.40866,15.24065,0 -91.41401,15.20460,0</coordinates></LinearRing></outerBoundaryIs></Polygon></Placemark>
<Placemark><name>Huehuetenango — hasta 45 min</name><styleUrl>#poly10</styleUrl><Polygon><outerBoundaryIs><LinearRing><coordinates>-91.46376,15.27861,0 -91.51447,15.29006,0 -91.52312,15.30833,0 -91.51972,15.32541,0 -91.50161,15.35278,0 -91.47814,15.36685,0 -91.44022,15.35661,0 -91.42844,15.34225,0 -91.42615,15.32686,0 -91.44339,15.29222,0 -91.46376,15.27861,0</coordinates></LinearRing></outerBoundaryIs></Polygon></Placemark>
<Placemark><name>Huehuetenango — hasta 10 min</name><styleUrl>#poly10</styleUrl><Polygon><outerBoundaryIs><LinearRing><coordinates>-91.46340,15.30833,0 -91.47423,15.28808,0 -91.49620,15.28141,0 -91.51645,15.29224,0 -91.52312,15.31421,0 -91.51229,15.33446,0 -91.49032,15.34113,0 -91.47007,15.33030,0 -91.46340,15.30833,0</coordinates></LinearRing></outerBoundaryIs></Polygon></Placemark>
</Folder>
<Folder><name>Cobán</name>
<Placemark><name>Cobán (tienda)</name><styleUrl>#pin11</styleUrl><Point><coordinates>-90.37866,15.46154,0</coordinates></Point></Placemark>
<Placemark><name>Cobán — hasta 2 hrs</name><styleUrl>#poly11</styleUrl><Polygon><outerBoundaryIs><LinearRing><coordinates>-90.45603,15.29903,0 -90.49957,15.29903,0 -90.53578,15.32322,0 -90.55244,15.36345,0 -90.55136,15.38543,0 -90.54016,15.41247,0 -90.51947,15.43316,0 -90.49957,15.44257,0 -90.47780,15.44580,0 -90.45002,15.44042,0 -90.40742,15.45306,0 -90.41085,15.47514,0 -90.40561,15.48978,0 -90.37749,15.50983,0 -90.35868,15.53298,0 -90.32573,15.54856,0 -90.28933,15.54677,0 -90.25312,15.52258,0 -90.24181,15.50370,0 -90.23610,15.47500,0 -90.26166,15.39245,0 -90.29164,15.36214,0 -90.27920,15.32080,0 -90.28985,15.28245,0 -90.26865,15.29944,0 -90.24793,15.30686,0 -90.22595,15.30794,0 -90.19795,15.29944,0 -90.18027,15.28633,0 -90.16401,15.26200,0 -90.15866,15.24065,0 -90.16153,15.21153,0 -90.17532,15.18572,0 -90.19795,15.16716,0 -90.22595,15.15866,0 -90.25507,15.16153,0 -90.28633,15.18027,0 -90.30259,15.20460,0 -90.30794,15.24065,0 -90.29765,15.27165,0 -90.33243,15.24903,0 -90.36883,15.24724,0 -90.40723,15.26777,0 -90.42765,15.30572,0 -90.43608,15.30848,0 -90.45603,15.29903,0</coordinates></LinearRing></outerBoundaryIs></Polygon></Placemark>
<Placemark><name>Cobán — hasta 1 hr</name><styleUrl>#poly11</styleUrl><Polygon><outerBoundaryIs><LinearRing><coordinates>-90.33901,15.34940,0 -90.35527,15.32507,0 -90.37960,15.30881,0 -90.40095,15.30346,0 -90.43007,15.30633,0 -90.45588,15.32012,0 -90.47444,15.34275,0 -90.48186,15.36347,0 -90.48186,15.39273,0 -90.47444,15.41345,0 -90.45588,15.43608,0 -90.43007,15.44987,0 -90.40742,15.45306,0 -90.41085,15.47514,0 -90.40561,15.48978,0 -90.37749,15.50983,0 -90.35868,15.53298,0 -90.32573,15.54856,0 -90.29647,15.54856,0 -90.26943,15.53736,0 -90.24874,15.51667,0 -90.23754,15.48963,0 -90.23754,15.46037,0 -90.25851,15.39910,0 -90.27477,15.37477,0 -90.29910,15.35851,0 -90.33901,15.34940,0</coordinates></LinearRing></outerBoundaryIs></Polygon></Placemark>
<Placemark><name>Cobán — hasta 45 min</name><styleUrl>#poly11</styleUrl><Polygon><outerBoundaryIs><LinearRing><coordinates>-90.39769,15.43835,0 -90.41085,15.46886,0 -90.40374,15.49230,0 -90.37224,15.51139,0 -90.34570,15.50474,0 -90.33015,15.47914,0 -90.33826,15.44870,0 -90.36876,15.43061,0 -90.39769,15.43835,0</coordinates></LinearRing></outerBoundaryIs></Polygon></Placemark>
<Placemark><name>Cobán — hasta 10 min</name><styleUrl>#poly11</styleUrl><Polygon><outerBoundaryIs><LinearRing><coordinates>-90.34880,15.45860,0 -90.35963,15.43835,0 -90.38160,15.43168,0 -90.40185,15.44251,0 -90.40852,15.46448,0 -90.39769,15.48473,0 -90.37572,15.49140,0 -90.35547,15.48058,0 -90.34880,15.45860,0</coordinates></LinearRing></outerBoundaryIs></Polygon></Placemark>
</Folder>
<Folder><name>Puerto Quetzal</name>
<Placemark><name>Puerto Quetzal (tienda)</name><styleUrl>#pin12</styleUrl><Point><coordinates>-90.78927,13.94184,0</coordinates></Point></Placemark>
<Placemark><name>Puerto Quetzal — hasta 1.5 hrs</name><styleUrl>#poly12</styleUrl><MultiGeometry><Polygon><outerBoundaryIs><LinearRing><coordinates>-90.89019,13.90382,0 -90.91608,13.87513,0 -90.94636,13.87364,0 -90.97072,13.89170,0 -90.97808,13.92111,0 -90.96512,13.94852,0 -90.94208,13.96084,0 -90.91608,13.95827,0 -90.89437,13.93917,0 -90.87798,13.97758,0 -90.84994,13.99871,0 -90.83712,14.02461,0 -90.84464,14.05536,0 -90.87855,14.06521,0 -90.89478,14.09559,0 -90.88742,14.12500,0 -90.85878,14.14414,0 -90.83278,14.14157,0 -90.80097,14.12319,0 -90.79129,14.10871,0 -90.79062,14.09398,0 -90.77145,14.08479,0 -90.75843,14.06722,0 -90.75843,14.03278,0 -90.77145,14.01521,0 -90.79062,14.00602,0 -90.79006,13.99871,0 -90.76494,13.98235,0 -90.73007,14.00507,0 -90.68653,14.00507,0 -90.65527,13.98633,0 -90.63474,13.94793,0 -90.63474,13.91867,0 -90.64594,13.89163,0 -90.66663,13.87094,0 -90.69367,13.85974,0 -90.73007,13.86153,0 -90.76265,13.88173,0 -90.79823,13.85823,0 -90.83463,13.85644,0 -90.86758,13.87202,0 -90.89019,13.90382,0</coordinates></LinearRing></outerBoundaryIs></Polygon><Polygon><outerBoundaryIs><LinearRing><coordinates>-90.44173,13.86608,0 -90.45148,13.85148,0 -90.47024,13.84024,0 -90.49208,13.83916,0 -90.51185,13.84851,0 -90.52636,13.87024,0 -90.52695,13.89403,0 -90.53836,13.90658,0 -90.56722,13.90843,0 -90.58969,13.92879,0 -90.59478,13.95441,0 -90.58479,13.97855,0 -90.56722,13.99157,0 -90.54559,13.99478,0 -90.52500,13.98742,0 -90.51164,13.97342,0 -90.49122,13.97414,0 -90.47145,13.96479,0 -90.45694,13.94306,0 -90.45635,13.91927,0 -90.44024,13.89636,0 -90.44173,13.86608,0</coordinates></LinearRing></outerBoundaryIs></Polygon></MultiGeometry></Placemark>
<Placemark><name>Puerto Quetzal — hasta 1 hr</name><styleUrl>#poly12</styleUrl><Polygon><outerBoundaryIs><LinearRing><coordinates>-90.76265,13.88173,0 -90.80537,13.85644,0 -90.84177,13.85823,0 -90.87303,13.87697,0 -90.89356,13.91537,0 -90.89356,13.94463,0 -90.88614,13.96535,0 -90.87303,13.98303,0 -90.84994,13.99871,0 -90.83712,14.02461,0 -90.84500,14.05000,0 -90.83712,14.07539,0 -90.84772,14.08852,0 -90.84986,14.10294,0 -90.84319,14.11903,0 -90.82585,14.12942,0 -90.79879,14.12121,0 -90.79062,14.09398,0 -90.76818,14.08182,0 -90.75694,14.06306,0 -90.76031,14.02879,0 -90.77145,14.01521,0 -90.79062,14.00602,0 -90.79006,13.99871,0 -90.76494,13.98235,0 -90.73007,14.00507,0 -90.68653,14.00507,0 -90.65527,13.98633,0 -90.63474,13.94793,0 -90.63474,13.91867,0 -90.64216,13.89795,0 -90.67295,13.86716,0 -90.71565,13.85866,0 -90.74365,13.86716,0 -90.76265,13.88173,0</coordinates></LinearRing></outerBoundaryIs></Polygon></Placemark>
<Placemark><name>Puerto Quetzal — hasta 45 min</name><styleUrl>#poly12</styleUrl><Polygon><outerBoundaryIs><LinearRing><coordinates>-90.81352,13.89728,0 -90.83648,13.89728,0 -90.86182,13.91818,0 -90.87157,13.93278,0 -90.87478,13.95441,0 -90.86742,13.97500,0 -90.84858,13.99093,0 -90.84871,14.00871,0 -90.83712,14.02461,0 -90.84478,14.04559,0 -90.83969,14.07121,0 -90.82121,14.08969,0 -90.79559,14.09478,0 -90.77145,14.08479,0 -90.75586,14.05878,0 -90.76031,14.02879,0 -90.77145,14.01521,0 -90.79062,14.00602,0 -90.79175,13.99001,0 -90.76433,13.95851,0 -90.75941,13.93890,0 -90.77024,13.91865,0 -90.79343,13.91217,0 -90.81352,13.89728,0</coordinates></LinearRing></outerBoundaryIs></Polygon></Placemark>
<Placemark><name>Puerto Quetzal — hasta 10 min</name><styleUrl>#poly12</styleUrl><Polygon><outerBoundaryIs><LinearRing><coordinates>-90.75941,13.93890,0 -90.77024,13.91865,0 -90.79221,13.91198,0 -90.81246,13.92281,0 -90.81913,13.94478,0 -90.80830,13.96503,0 -90.78633,13.97170,0 -90.76608,13.96087,0 -90.75941,13.93890,0</coordinates></LinearRing></outerBoundaryIs></Polygon></Placemark>
</Folder>
<Folder><name>Fray Bartolomé</name>
<Placemark><name>Fray Bartolomé (tienda)</name><styleUrl>#pin13</styleUrl><Point><coordinates>-89.87517,15.80757,0</coordinates></Point></Placemark>
<Placemark><name>Fray Bartolomé — hasta 2 hrs</name><styleUrl>#poly13</styleUrl><MultiGeometry><Polygon><outerBoundaryIs><LinearRing><coordinates>-89.93278,15.68843,0 -89.95441,15.68522,0 -89.97500,15.69258,0 -89.98969,15.70879,0 -89.99478,15.72559,0 -89.98969,15.75121,0 -89.96434,15.77261,0 -89.96157,15.79722,0 -89.94427,15.82211,0 -89.96722,15.82513,0 -89.98713,15.84131,0 -90.01739,15.83566,0 -90.03500,15.81258,0 -90.06441,15.80522,0 -90.08500,15.81258,0 -90.10157,15.83278,0 -90.10414,15.85878,0 -90.09479,15.87855,0 -90.07722,15.89157,0 -90.05261,15.89434,0 -90.04182,15.91182,0 -90.02722,15.92157,0 -89.99694,15.92306,0 -89.97287,15.90539,0 -89.95441,15.91148,0 -89.93278,15.90827,0 -89.91521,15.89525,0 -89.90573,15.87459,0 -89.87500,15.86742,0 -89.85755,15.84478,0 -89.84121,15.85969,0 -89.81559,15.86478,0 -89.79500,15.85742,0 -89.77843,15.83722,0 -89.77694,15.80694,0 -89.79751,15.78108,0 -89.78500,15.75000,0 -89.79818,15.71818,0 -89.83000,15.70500,0 -89.86164,15.71658,0 -89.88278,15.69843,0 -89.91774,15.69867,0 -89.93278,15.68843,0</coordinates></LinearRing></outerBoundaryIs></Polygon><Polygon><outerBoundaryIs><LinearRing><coordinates>-90.27776,15.76463,0 -90.30278,15.73843,0 -90.32878,15.73586,0 -90.35182,15.74818,0 -90.36414,15.77122,0 -90.36157,15.79722,0 -90.34500,15.81742,0 -90.32000,15.82500,0 -90.29224,15.81537,0 -90.28742,15.82500,0 -90.32500,15.83258,0 -90.34414,15.86122,0 -90.33742,15.89500,0 -90.30878,15.91414,0 -90.28278,15.91157,0 -90.26164,15.89342,0 -90.23278,15.89157,0 -90.21164,15.87342,0 -90.17879,15.86969,0 -90.16258,15.85500,0 -90.15586,15.83878,0 -90.15843,15.81278,0 -90.17500,15.79258,0 -90.20739,15.78566,0 -90.21818,15.76818,0 -90.23694,15.75694,0 -90.25878,15.75586,0 -90.27776,15.76463,0</coordinates></LinearRing></outerBoundaryIs></Polygon><Polygon><outerBoundaryIs><LinearRing><coordinates>-90.11716,16.48135,0 -90.13572,16.45872,0 -90.16153,16.44493,0 -90.19065,16.44206,0 -90.21865,16.45056,0 -90.24128,16.46912,0 -90.25507,16.49493,0 -90.25794,16.52405,0 -90.24944,16.55205,0 -90.23088,16.57468,0 -90.20507,16.58847,0 -90.17595,16.59134,0 -90.14795,16.58284,0 -90.12532,16.56428,0 -90.11153,16.53847,0 -90.10866,16.50935,0 -90.11716,16.48135,0</coordinates></LinearRing></outerBoundaryIs></Polygon><Polygon><outerBoundaryIs><LinearRing><coordinates>-89.61122,15.70586,0 -89.66306,15.71694,0 -89.68479,15.73145,0 -89.69488,15.75759,0 -89.71182,15.76818,0 -89.74157,15.80278,0 -89.74414,15.82878,0 -89.73479,15.84855,0 -89.71306,15.86306,0 -89.69122,15.86414,0 -89.67145,15.85479,0 -89.64411,15.82706,0 -89.62497,15.84566,0 -89.59793,15.85686,0 -89.56867,15.85686,0 -89.54488,15.84761,0 -89.53742,15.87500,0 -89.51306,15.89306,0 -89.49122,15.89414,0 -89.47145,15.88479,0 -89.45586,15.85878,0 -89.45843,15.83278,0 -89.47879,15.81031,0 -89.51211,15.80670,0 -89.50974,15.76867,0 -89.52532,15.73572,0 -89.56153,15.71153,0 -89.61122,15.70586,0</coordinates></LinearRing></outerBoundaryIs></Polygon><Polygon><outerBoundaryIs><LinearRing><coordinates>-89.26258,15.87500,0 -89.29122,15.85586,0 -89.32500,15.86258,0 -89.34414,15.89122,0 -89.33742,15.92500,0 -89.30878,15.94414,0 -89.27500,15.93742,0 -89.25586,15.90878,0 -89.26258,15.87500,0</coordinates></LinearRing></outerBoundaryIs></Polygon></MultiGeometry></Placemark>
<Placemark><name>Fray Bartolomé — hasta 1.5 hrs</name><styleUrl>#poly13</styleUrl><MultiGeometry><Polygon><outerBoundaryIs><LinearRing><coordinates>-89.86258,15.71500,0 -89.89122,15.69586,0 -89.92500,15.70258,0 -89.93969,15.71879,0 -89.94488,15.74251,0 -89.96414,15.77122,0 -89.96157,15.79722,0 -89.94427,15.82211,0 -89.96722,15.82513,0 -89.98713,15.84131,0 -90.01739,15.83566,0 -90.02818,15.81818,0 -90.04278,15.80843,0 -90.07306,15.80694,0 -90.09182,15.81818,0 -90.10157,15.83278,0 -90.10478,15.85441,0 -90.09742,15.87500,0 -90.07722,15.89157,0 -90.05261,15.89434,0 -90.03121,15.91969,0 -90.00559,15.92478,0 -89.98879,15.91969,0 -89.97287,15.90539,0 -89.95000,15.91170,0 -89.92879,15.90639,0 -89.91258,15.89170,0 -89.90573,15.87459,0 -89.87500,15.86742,0 -89.85755,15.84478,0 -89.82878,15.86414,0 -89.79500,15.85742,0 -89.78031,15.84121,0 -89.77500,15.82000,0 -89.78031,15.79879,0 -89.79751,15.78108,0 -89.78522,15.75441,0 -89.79031,15.72879,0 -89.80500,15.71258,0 -89.82122,15.70586,0 -89.86258,15.71500,0</coordinates></LinearRing></outerBoundaryIs></Polygon><Polygon><outerBoundaryIs><LinearRing><coordinates>-90.16031,15.80879,0 -90.18694,15.78694,0 -90.22121,15.79031,0 -90.24306,15.81694,0 -90.23969,15.85121,0 -90.21306,15.87306,0 -90.17879,15.86969,0 -90.15694,15.84306,0 -90.16031,15.80879,0</coordinates></LinearRing></outerBoundaryIs></Polygon><Polygon><outerBoundaryIs><LinearRing><coordinates>-90.11716,16.48135,0 -90.13572,16.45872,0 -90.16153,16.44493,0 -90.19065,16.44206,0 -90.21865,16.45056,0 -90.24128,16.46912,0 -90.25507,16.49493,0 -90.25794,16.52405,0 -90.24944,16.55205,0 -90.23088,16.57468,0 -90.20507,16.58847,0 -90.17595,16.59134,0 -90.14795,16.58284,0 -90.12532,16.56428,0 -90.11153,16.53847,0 -90.10866,16.50935,0 -90.11716,16.48135,0</coordinates></LinearRing></outerBoundaryIs></Polygon><Polygon><outerBoundaryIs><LinearRing><coordinates>-89.55460,15.71401,0 -89.63306,15.70694,0 -89.67500,15.72258,0 -89.68969,15.73879,0 -89.69488,15.75759,0 -89.73479,15.79145,0 -89.74478,15.82441,0 -89.72855,15.85479,0 -89.70878,15.86414,0 -89.68694,15.86306,0 -89.64411,15.82706,0 -89.61200,15.85259,0 -89.57595,15.85794,0 -89.54795,15.84944,0 -89.52532,15.83088,0 -89.50866,15.79065,0 -89.50974,15.76867,0 -89.52094,15.74163,0 -89.55460,15.71401,0</coordinates></LinearRing></outerBoundaryIs></Polygon></MultiGeometry></Placemark>
<Placemark><name>Fray Bartolomé — hasta 1 hr</name><styleUrl>#poly13</styleUrl><MultiGeometry><Polygon><outerBoundaryIs><LinearRing><coordinates>-89.88278,15.72843,0 -89.91306,15.72694,0 -89.95182,15.74818,0 -89.96157,15.76278,0 -89.96478,15.78441,0 -89.94427,15.82211,0 -89.96722,15.82513,0 -89.98713,15.84131,0 -90.01739,15.83566,0 -90.02818,15.81818,0 -90.04694,15.80694,0 -90.06878,15.80586,0 -90.08500,15.81258,0 -90.10414,15.84122,0 -90.09742,15.87500,0 -90.07722,15.89157,0 -90.05261,15.89434,0 -90.03855,15.91479,0 -90.01878,15.92414,0 -89.99278,15.92157,0 -89.97287,15.90539,0 -89.95000,15.91170,0 -89.92500,15.90412,0 -89.90573,15.87459,0 -89.88278,15.87157,0 -89.86521,15.85855,0 -89.85514,15.83294,0 -89.84081,15.82203,0 -89.83342,15.80180,0 -89.81521,15.78855,0 -89.80586,15.76878,0 -89.81031,15.73879,0 -89.82879,15.72031,0 -89.85878,15.71586,0 -89.88278,15.72843,0</coordinates></LinearRing></outerBoundaryIs></Polygon><Polygon><outerBoundaryIs><LinearRing><coordinates>-90.16031,15.80879,0 -90.18694,15.78694,0 -90.22121,15.79031,0 -90.24306,15.81694,0 -90.23969,15.85121,0 -90.21306,15.87306,0 -90.17879,15.86969,0 -90.15694,15.84306,0 -90.16031,15.80879,0</coordinates></LinearRing></outerBoundaryIs></Polygon><Polygon><outerBoundaryIs><LinearRing><coordinates>-89.51401,15.75460,0 -89.53027,15.73027,0 -89.55460,15.71401,0 -89.58330,15.70830,0 -89.61200,15.71401,0 -89.63633,15.73027,0 -89.65259,15.75460,0 -89.65830,15.78330,0 -89.65259,15.81200,0 -89.63633,15.83633,0 -89.61200,15.85259,0 -89.58330,15.85830,0 -89.55460,15.85259,0 -89.53027,15.83633,0 -89.51401,15.81200,0 -89.50830,15.78330,0 -89.51401,15.75460,0</coordinates></LinearRing></outerBoundaryIs></Polygon></MultiGeometry></Placemark>
<Placemark><name>Fray Bartolomé — hasta 45 min</name><styleUrl>#poly13</styleUrl><MultiGeometry><Polygon><outerBoundaryIs><LinearRing><coordinates>-89.87294,15.76814,0 -89.89319,15.77897,0 -89.90503,15.80463,0 -89.89836,15.82660,0 -89.87811,15.83743,0 -89.84697,15.82819,0 -89.83314,15.79994,0 -89.84397,15.77381,0 -89.87294,15.76814,0</coordinates></LinearRing></outerBoundaryIs></Polygon><Polygon><outerBoundaryIs><LinearRing><coordinates>-89.90694,15.85364,0 -89.92879,15.82701,0 -89.96306,15.82364,0 -89.98969,15.84549,0 -89.99306,15.87976,0 -89.97121,15.90639,0 -89.93694,15.90976,0 -89.91031,15.88791,0 -89.90694,15.85364,0</coordinates></LinearRing></outerBoundaryIs></Polygon></MultiGeometry></Placemark>
</Folder>
<Folder><name>Quiché</name>
<Placemark><name>Quiché (tienda)</name><styleUrl>#pin14</styleUrl><Point><coordinates>-91.14785,15.03007,0</coordinates></Point></Placemark>
<Placemark><name>Quiché — hasta 3.5 hrs</name><styleUrl>#poly14</styleUrl><MultiGeometry><Polygon><outerBoundaryIs><LinearRing><coordinates>-91.20684,14.76916,0 -91.22459,14.75459,0 -91.24744,14.75684,0 -91.26201,14.77459,0 -91.25976,14.79744,0 -91.24201,14.81201,0 -91.21916,14.80976,0 -91.20459,14.79201,0 -91.20684,14.76916,0</coordinates></LinearRing></outerBoundaryIs></Polygon><Polygon><outerBoundaryIs><LinearRing><coordinates>-91.17966,14.91117,0 -91.20735,14.90866,0 -91.23535,14.91716,0 -91.29128,14.96912,0 -91.32177,15.02823,0 -91.32177,15.07177,0 -91.30798,15.09758,0 -91.28535,15.11614,0 -91.25735,15.12464,0 -91.23282,15.12292,0 -91.19113,15.14127,0 -91.18847,15.17177,0 -91.17468,15.19758,0 -91.15205,15.21614,0 -91.12897,15.22391,0 -91.14944,15.24795,0 -91.15794,15.27595,0 -91.15507,15.30507,0 -91.14154,15.33052,0 -91.18777,15.34294,0 -91.20408,15.35772,0 -91.21787,15.38353,0 -91.21966,15.41993,0 -91.20846,15.44697,0 -91.18777,15.46766,0 -91.16787,15.47707,0 -91.13147,15.47886,0 -91.10109,15.46518,0 -91.08633,15.48633,0 -91.06200,15.50259,0 -91.04065,15.50794,0 -91.01153,15.50507,0 -90.98027,15.48633,0 -90.96401,15.46200,0 -90.95866,15.42595,0 -90.96716,15.39795,0 -90.98572,15.37532,0 -91.01153,15.36153,0 -91.04793,15.35974,0 -91.07831,15.37342,0 -91.08786,15.35808,0 -91.06153,15.35507,0 -91.03572,15.34128,0 -91.01716,15.31865,0 -91.00974,15.29793,0 -91.00843,15.22278,0 -91.02879,15.20031,0 -91.05729,15.19564,0 -91.04493,15.17177,0 -91.04198,15.14425,0 -91.01818,15.13182,0 -91.00566,15.10739,0 -90.98986,15.10326,0 -91.01929,15.13800,0 -91.02356,15.18133,0 -91.00303,15.21973,0 -90.96463,15.24026,0 -90.93537,15.24026,0 -90.90833,15.22906,0 -90.88764,15.20837,0 -90.87770,15.18635,0 -90.84265,15.19134,0 -90.81465,15.18284,0 -90.78764,15.15837,0 -90.77536,15.12405,0 -90.78071,15.08800,0 -90.80320,15.05814,0 -90.77130,15.05259,0 -90.74202,15.03088,0 -90.72644,14.99793,0 -90.72823,14.96153,0 -90.74202,14.93572,0 -90.75833,14.92094,0 -90.78537,14.90974,0 -90.80735,14.90866,0 -90.84758,14.92532,0 -90.87101,14.95939,0 -90.90507,14.96153,0 -90.95890,14.98553,0 -90.98135,14.96716,0 -91.03691,14.94291,0 -91.04261,14.91440,0 -91.05887,14.89007,0 -91.08320,14.87381,0 -91.10455,14.86846,0 -91.14725,14.87696,0 -91.17966,14.91117,0</coordinates></LinearRing></outerBoundaryIs><innerBoundaryIs><LinearRing><coordinates>-90.97684,15.09674,0 -90.95000,15.06748,0 -90.92316,15.09674,0 -90.95000,15.09170,0 -90.97684,15.09674,0</coordinates></LinearRing></innerBoundaryIs></Polygon><Polygon><outerBoundaryIs><LinearRing><coordinates>-90.83800,15.28071,0 -90.88133,15.27644,0 -90.90205,15.28386,0 -90.92468,15.30242,0 -90.94134,15.34265,0 -90.94026,15.36463,0 -90.92906,15.39167,0 -90.89540,15.41929,0 -90.86670,15.42500,0 -90.83711,15.41887,0 -90.79793,15.44026,0 -90.76867,15.44026,0 -90.74163,15.42906,0 -90.72094,15.40837,0 -90.70974,15.38133,0 -90.70974,15.35207,0 -90.72094,15.32503,0 -90.75460,15.29741,0 -90.78330,15.29170,0 -90.81289,15.29783,0 -90.83800,15.28071,0</coordinates></LinearRing></outerBoundaryIs></Polygon></MultiGeometry></Placemark>
<Placemark><name>Quiché — hasta 2 hrs</name><styleUrl>#poly14</styleUrl><MultiGeometry><Polygon><outerBoundaryIs><LinearRing><coordinates>-91.20684,14.76916,0 -91.22459,14.75459,0 -91.24744,14.75684,0 -91.26201,14.77459,0 -91.25976,14.79744,0 -91.24201,14.81201,0 -91.21916,14.80976,0 -91.20459,14.79201,0 -91.20684,14.76916,0</coordinates></LinearRing></outerBoundaryIs></Polygon><Polygon><outerBoundaryIs><LinearRing><coordinates>-91.17966,14.91117,0 -91.20735,14.90866,0 -91.23535,14.91716,0 -91.28633,14.96367,0 -91.31929,15.02130,0 -91.32464,15.05735,0 -91.31614,15.08535,0 -91.29167,15.11236,0 -91.26463,15.12356,0 -91.23282,15.12292,0 -91.19113,15.14127,0 -91.18847,15.17177,0 -91.17468,15.19758,0 -91.15205,15.21614,0 -91.12897,15.22391,0 -91.14944,15.24795,0 -91.15830,15.28330,0 -91.14944,15.31865,0 -91.12497,15.34566,0 -91.09793,15.35686,0 -91.06867,15.35686,0 -91.04163,15.34566,0 -91.01716,15.31865,0 -91.00866,15.29065,0 -91.00694,15.22694,0 -91.02500,15.20258,0 -91.05729,15.19564,0 -91.04493,15.17177,0 -91.04198,15.14425,0 -91.01818,15.13182,0 -91.00566,15.10739,0 -90.98986,15.10326,0 -91.01929,15.13800,0 -91.02464,15.15935,0 -91.02177,15.18847,0 -91.00303,15.21973,0 -90.96463,15.24026,0 -90.92130,15.23599,0 -90.89202,15.21428,0 -90.87770,15.18635,0 -90.85000,15.19170,0 -90.82823,15.18847,0 -90.80833,15.17906,0 -90.78764,15.15837,0 -90.77644,15.13133,0 -90.77823,15.09493,0 -90.79202,15.06912,0 -90.81095,15.05277,0 -90.81401,15.00460,0 -90.84163,14.97094,0 -90.86867,14.95974,0 -90.89065,14.95866,0 -90.95890,14.98553,0 -90.98135,14.96716,0 -91.03691,14.94291,0 -91.04261,14.91440,0 -91.05392,14.89552,0 -91.07655,14.87696,0 -91.09727,14.86954,0 -91.14060,14.87381,0 -91.16493,14.89007,0 -91.17966,14.91117,0</coordinates></LinearRing></outerBoundaryIs><innerBoundaryIs><LinearRing><coordinates>-90.97684,15.09674,0 -90.95000,15.06748,0 -90.92316,15.09674,0 -90.95000,15.09170,0 -90.97684,15.09674,0</coordinates></LinearRing></innerBoundaryIs></Polygon></MultiGeometry></Placemark>
<Placemark><name>Quiché — hasta 1.5 hrs</name><styleUrl>#poly14</styleUrl><MultiGeometry><Polygon><outerBoundaryIs><LinearRing><coordinates>-91.17966,14.91117,0 -91.21463,14.90974,0 -91.24758,14.92532,0 -91.29128,14.96912,0 -91.31929,15.02130,0 -91.32500,15.05000,0 -91.31929,15.07870,0 -91.30303,15.10303,0 -91.27870,15.11929,0 -91.23282,15.12292,0 -91.20507,15.13847,0 -91.17595,15.14134,0 -91.14795,15.13284,0 -91.11889,15.10495,0 -91.09487,15.09732,0 -91.08182,15.13182,0 -91.06306,15.14306,0 -91.04559,15.14478,0 -91.02145,15.13479,0 -91.00566,15.10739,0 -90.97503,15.09566,0 -90.95000,15.06748,0 -90.92497,15.09566,0 -90.88330,15.10830,0 -90.84163,15.09566,0 -90.81401,15.06200,0 -90.80830,15.03330,0 -90.81401,15.00460,0 -90.83027,14.98027,0 -90.85460,14.96401,0 -90.89793,14.95974,0 -90.95890,14.98553,0 -90.98135,14.96716,0 -91.03691,14.94291,0 -91.04261,14.91440,0 -91.05392,14.89552,0 -91.07655,14.87696,0 -91.09727,14.86954,0 -91.14060,14.87381,0 -91.16493,14.89007,0 -91.17966,14.91117,0</coordinates></LinearRing></outerBoundaryIs></Polygon><Polygon><outerBoundaryIs><LinearRing><coordinates>-91.01031,15.21879,0 -91.03694,15.19694,0 -91.07121,15.20031,0 -91.09306,15.22694,0 -91.08969,15.26121,0 -91.06306,15.28306,0 -91.02879,15.27969,0 -91.00694,15.25306,0 -91.01031,15.21879,0</coordinates></LinearRing></outerBoundaryIs></Polygon></MultiGeometry></Placemark>
<Placemark><name>Quiché — hasta 1 hr</name><styleUrl>#poly14</styleUrl><Polygon><outerBoundaryIs><LinearRing><coordinates>-91.17966,14.91117,0 -91.21463,14.90974,0 -91.24758,14.92532,0 -91.29128,14.96912,0 -91.30686,15.00207,0 -91.30686,15.03133,0 -91.29566,15.05837,0 -91.27497,15.07906,0 -91.25507,15.08847,0 -91.23088,15.12468,0 -91.19793,15.14026,0 -91.16153,15.13847,0 -91.14163,15.12906,0 -91.12094,15.10837,0 -91.10845,15.06364,0 -91.08535,15.08284,0 -91.05000,15.09170,0 -91.02130,15.08599,0 -90.99202,15.06428,0 -90.97644,15.03133,0 -90.98071,14.98800,0 -91.00242,14.95872,0 -91.03691,14.94291,0 -91.04576,14.90775,0 -91.06432,14.88512,0 -91.09727,14.86954,0 -91.12653,14.86954,0 -91.15357,14.88074,0 -91.17966,14.91117,0</coordinates></LinearRing></outerBoundaryIs></Polygon></Placemark>
<Placemark><name>Quiché — hasta 45 min</name><styleUrl>#poly14</styleUrl><Polygon><outerBoundaryIs><LinearRing><coordinates>-91.16512,14.96818,0 -91.18986,15.01206,0 -91.18494,15.05667,0 -91.15585,15.07942,0 -91.12333,15.06994,0 -91.09024,15.01306,0 -91.08852,14.99559,0 -91.09588,14.97500,0 -91.11608,14.95843,0 -91.14208,14.95586,0 -91.16512,14.96818,0</coordinates></LinearRing></outerBoundaryIs></Polygon></Placemark>
</Folder>
<Folder><name>Retalhuleu</name>
<Placemark><name>Retalhuleu (tienda)</name><styleUrl>#pin15</styleUrl><Point><coordinates>-91.64806,14.57389,0</coordinates></Point></Placemark>
<Placemark><name>Retalhuleu — hasta 3 hrs</name><styleUrl>#poly15</styleUrl><MultiGeometry><Polygon><outerBoundaryIs><LinearRing><coordinates>-91.85056,14.26465,0 -91.86912,14.24202,0 -91.89493,14.22823,0 -91.92405,14.22536,0 -91.95205,14.23386,0 -91.97468,14.25242,0 -91.98847,14.27823,0 -91.99134,14.30735,0 -91.98284,14.33535,0 -91.96428,14.35798,0 -91.93847,14.37177,0 -91.90935,14.37464,0 -91.88135,14.36614,0 -91.85872,14.34758,0 -91.84493,14.32177,0 -91.84206,14.29265,0 -91.85056,14.26465,0</coordinates></LinearRing></outerBoundaryIs></Polygon><Polygon><outerBoundaryIs><LinearRing><coordinates>-91.72548,14.45586,0 -91.75149,14.47145,0 -91.76084,14.49122,0 -91.75972,14.51319,0 -91.78088,14.52532,0 -91.80018,14.54950,0 -91.82595,14.54206,0 -91.85507,14.54493,0 -91.88088,14.55872,0 -91.89944,14.58135,0 -91.91487,14.64256,0 -91.93599,14.67130,0 -91.94170,14.70000,0 -91.93284,14.73535,0 -91.90205,14.76614,0 -91.87405,14.77464,0 -91.84493,14.77177,0 -91.81912,14.75798,0 -91.80408,14.74124,0 -91.79128,14.76428,0 -91.76865,14.78284,0 -91.74065,14.79134,0 -91.71153,14.78847,0 -91.69163,14.77906,0 -91.67094,14.75837,0 -91.65852,14.71225,0 -91.63133,14.72356,0 -91.59493,14.72177,0 -91.54163,14.69566,0 -91.51716,14.66865,0 -91.50866,14.64065,0 -91.51153,14.61153,0 -91.52532,14.58572,0 -91.54292,14.57017,0 -91.54950,14.55018,0 -91.52532,14.53088,0 -91.50974,14.49793,0 -91.51153,14.46153,0 -91.53027,14.43027,0 -91.55460,14.41401,0 -91.59065,14.40866,0 -91.63282,14.42708,0 -91.67177,14.42823,0 -91.71027,14.45552,0 -91.72548,14.45586,0</coordinates></LinearRing></outerBoundaryIs><innerBoundaryIs><LinearRing><coordinates>-91.69148,14.65445,0 -91.69912,14.65000,0 -91.69148,14.64555,0 -91.69148,14.65445,0</coordinates></LinearRing></innerBoundaryIs></Polygon><Polygon><outerBoundaryIs><LinearRing><coordinates>-91.45564,14.79303,0 -91.47633,14.77234,0 -91.50337,14.76114,0 -91.53263,14.76114,0 -91.55967,14.77234,0 -91.58036,14.79303,0 -91.59156,14.82007,0 -91.59156,14.84933,0 -91.58036,14.87637,0 -91.55967,14.89706,0 -91.53263,14.90826,0 -91.50337,14.90826,0 -91.47633,14.89706,0 -91.45564,14.87637,0 -91.44444,14.84933,0 -91.44444,14.82007,0 -91.45564,14.79303,0</coordinates></LinearRing></outerBoundaryIs></Polygon></MultiGeometry></Placemark>
<Placemark><name>Retalhuleu — hasta 2 hrs</name><styleUrl>#poly15</styleUrl><MultiGeometry><Polygon><outerBoundaryIs><LinearRing><coordinates>-91.85056,14.26465,0 -91.86912,14.24202,0 -91.89493,14.22823,0 -91.92405,14.22536,0 -91.95205,14.23386,0 -91.97468,14.25242,0 -91.98847,14.27823,0 -91.99134,14.30735,0 -91.98284,14.33535,0 -91.96428,14.35798,0 -91.93847,14.37177,0 -91.90935,14.37464,0 -91.88135,14.36614,0 -91.85872,14.34758,0 -91.84493,14.32177,0 -91.84206,14.29265,0 -91.85056,14.26465,0</coordinates></LinearRing></outerBoundaryIs></Polygon><Polygon><outerBoundaryIs><LinearRing><coordinates>-91.72548,14.45586,0 -91.75149,14.47145,0 -91.76084,14.49122,0 -91.75972,14.51319,0 -91.78633,14.53027,0 -91.80259,14.55460,0 -91.80686,14.59793,0 -91.79128,14.63088,0 -91.76865,14.64944,0 -91.74065,14.65794,0 -91.71153,14.65507,0 -91.69148,14.64555,0 -91.68847,14.67177,0 -91.67468,14.69758,0 -91.65205,14.71614,0 -91.63133,14.72356,0 -91.59493,14.72177,0 -91.53572,14.69128,0 -91.51716,14.66865,0 -91.50830,14.63330,0 -91.51716,14.59795,0 -91.54292,14.57017,0 -91.54950,14.55018,0 -91.52532,14.53088,0 -91.50974,14.49793,0 -91.50974,14.46867,0 -91.52532,14.43572,0 -91.55460,14.41401,0 -91.59065,14.40866,0 -91.63282,14.42708,0 -91.67177,14.42823,0 -91.71027,14.45552,0 -91.72548,14.45586,0</coordinates></LinearRing></outerBoundaryIs></Polygon></MultiGeometry></Placemark>
<Placemark><name>Retalhuleu — hasta 1 hr</name><styleUrl>#poly15</styleUrl><Polygon><outerBoundaryIs><LinearRing><coordinates>-91.59202,14.51912,0 -91.64245,14.46996,0 -91.67780,14.46110,0 -91.71315,14.46996,0 -91.74394,14.50075,0 -91.75244,14.52875,0 -91.74709,14.56480,0 -91.73083,14.58913,0 -91.68535,14.63284,0 -91.65735,14.64134,0 -91.62823,14.63847,0 -91.60242,14.62468,0 -91.58386,14.60205,0 -91.57536,14.57405,0 -91.57823,14.54493,0 -91.59202,14.51912,0</coordinates></LinearRing></outerBoundaryIs></Polygon></Placemark>
<Placemark><name>Retalhuleu — hasta 45 min</name><styleUrl>#poly15</styleUrl><Polygon><outerBoundaryIs><LinearRing><coordinates>-91.57823,14.54493,0 -91.59202,14.51912,0 -91.61465,14.50056,0 -91.64265,14.49206,0 -91.67177,14.49493,0 -91.69758,14.50872,0 -91.71614,14.53135,0 -91.72464,14.55935,0 -91.72177,14.58847,0 -91.70798,14.61428,0 -91.68535,14.63284,0 -91.65735,14.64134,0 -91.62823,14.63847,0 -91.60242,14.62468,0 -91.58386,14.60205,0 -91.57536,14.57405,0 -91.57823,14.54493,0</coordinates></LinearRing></outerBoundaryIs></Polygon></Placemark>
<Placemark><name>Retalhuleu — hasta 10 min</name><styleUrl>#poly15</styleUrl><Polygon><outerBoundaryIs><LinearRing><coordinates>-91.61820,14.57095,0 -91.62902,14.55070,0 -91.65100,14.54403,0 -91.67125,14.55486,0 -91.67792,14.57683,0 -91.66709,14.59708,0 -91.64512,14.60375,0 -91.62487,14.59292,0 -91.61820,14.57095,0</coordinates></LinearRing></outerBoundaryIs></Polygon></Placemark>
</Folder>
<Folder><name>San Marcos</name>
<Placemark><name>San Marcos (tienda)</name><styleUrl>#pin16</styleUrl><Point><coordinates>-91.78908,14.97259,0</coordinates></Point></Placemark>
<Placemark><name>San Marcos — hasta 2 hrs</name><styleUrl>#poly16</styleUrl><Polygon><outerBoundaryIs><LinearRing><coordinates>-91.86716,14.74795,0 -91.88027,14.73027,0 -91.90460,14.71401,0 -91.92595,14.70866,0 -91.95507,14.71153,0 -91.98088,14.72532,0 -91.99944,14.74795,0 -92.00794,14.77595,0 -92.00326,14.81014,0 -92.03800,14.78071,0 -92.08133,14.77644,0 -92.11973,14.79697,0 -92.14026,14.83537,0 -92.13847,14.87177,0 -92.12292,14.89952,0 -92.12177,14.93847,0 -92.10303,14.96973,0 -92.07870,14.98599,0 -92.05735,14.99134,0 -92.03537,14.99026,0 -92.00902,14.97947,0 -91.97177,15.00507,0 -91.96280,15.02423,0 -91.98847,15.06153,0 -91.98960,15.10057,0 -92.00507,15.12823,0 -92.00794,15.15735,0 -91.99944,15.18535,0 -91.98633,15.20303,0 -91.94793,15.22356,0 -91.91867,15.22356,0 -91.89163,15.21236,0 -91.87094,15.19167,0 -91.85940,15.16235,0 -91.82870,15.18599,0 -91.78537,15.19026,0 -91.75833,15.17906,0 -91.73687,15.15708,0 -91.69697,15.13633,0 -91.67094,15.10837,0 -91.66153,15.08847,0 -91.66040,15.04943,0 -91.64206,15.00735,0 -91.64950,14.96688,0 -91.62532,14.94758,0 -91.60974,14.91463,0 -91.60974,14.88537,0 -91.62532,14.85242,0 -91.65460,14.83071,0 -91.68330,14.82500,0 -91.71865,14.83386,0 -91.74237,14.85390,0 -91.77595,14.84206,0 -91.81200,14.84741,0 -91.84566,14.87503,0 -91.85808,14.92112,0 -91.87823,14.91153,0 -91.88109,14.90378,0 -91.86716,14.88535,0 -91.85866,14.85735,0 -91.86621,14.81665,0 -91.85866,14.77595,0 -91.86716,14.74795,0</coordinates></LinearRing></outerBoundaryIs></Polygon></Placemark>
<Placemark><name>San Marcos — hasta 1.5 hrs</name><styleUrl>#poly16</styleUrl><Polygon><outerBoundaryIs><LinearRing><coordinates>-91.86401,14.82130,0 -91.88027,14.79697,0 -91.90460,14.78071,0 -91.93330,14.77500,0 -91.96200,14.78071,0 -91.99566,14.80833,0 -92.00808,14.85453,0 -92.02823,14.84493,0 -92.05735,14.84206,0 -92.07870,14.84741,0 -92.10303,14.86367,0 -92.12177,14.89493,0 -92.12356,14.93133,0 -92.10798,14.96428,0 -92.08535,14.98284,0 -92.05000,14.99170,0 -92.00902,14.97947,0 -91.97177,15.00507,0 -91.96280,15.02423,0 -91.98599,15.05460,0 -91.99134,15.09065,0 -91.98284,15.11865,0 -91.96428,15.14128,0 -91.94540,15.15259,0 -91.91670,15.15830,0 -91.89493,15.15507,0 -91.87042,15.14224,0 -91.85798,15.16428,0 -91.83535,15.18284,0 -91.80735,15.19134,0 -91.78537,15.19026,0 -91.76465,15.18284,0 -91.73687,15.15708,0 -91.70242,15.14128,0 -91.66716,15.10205,0 -91.65866,15.07405,0 -91.66040,15.04943,0 -91.64206,15.00735,0 -91.64950,14.96688,0 -91.61716,14.93535,0 -91.60974,14.91463,0 -91.60974,14.88537,0 -91.62094,14.85833,0 -91.64163,14.83764,0 -91.66867,14.82644,0 -91.69065,14.82536,0 -91.71865,14.83386,0 -91.74237,14.85390,0 -91.78330,14.84170,0 -91.81865,14.85056,0 -91.84944,14.88135,0 -91.85808,14.92112,0 -91.87823,14.91153,0 -91.88109,14.90378,0 -91.85974,14.86463,0 -91.86401,14.82130,0</coordinates></LinearRing></outerBoundaryIs></Polygon></Placemark>
<Placemark><name>San Marcos — hasta 1 hr</name><styleUrl>#poly16</styleUrl><Polygon><outerBoundaryIs><LinearRing><coordinates>-91.85833,14.92094,0 -91.90000,14.90830,0 -91.94167,14.92094,0 -91.96929,14.95460,0 -91.97356,14.99793,0 -91.96236,15.02497,0 -91.94167,15.04566,0 -91.89582,15.05809,0 -91.86200,15.08599,0 -91.82595,15.09134,0 -91.79163,15.07906,0 -91.76844,15.05420,0 -91.74540,15.06929,0 -91.71670,15.07500,0 -91.68800,15.06929,0 -91.66367,15.05303,0 -91.64314,15.01463,0 -91.64950,14.96688,0 -91.61716,14.93535,0 -91.60866,14.89265,0 -91.61716,14.86465,0 -91.63572,14.84202,0 -91.66153,14.82823,0 -91.69065,14.82536,0 -91.71865,14.83386,0 -91.74237,14.85390,0 -91.78330,14.84170,0 -91.81865,14.85056,0 -91.84944,14.88135,0 -91.85833,14.92094,0</coordinates></LinearRing></outerBoundaryIs></Polygon></Placemark>
<Placemark><name>San Marcos — hasta 45 min</name><styleUrl>#poly16</styleUrl><Polygon><outerBoundaryIs><LinearRing><coordinates>-91.84743,14.91087,0 -91.86811,14.95030,0 -91.89566,14.97503,0 -91.90686,15.00207,0 -91.90259,15.04540,0 -91.88088,15.07468,0 -91.84793,15.09026,0 -91.81153,15.08847,0 -91.78027,15.06973,0 -91.76261,15.04150,0 -91.72194,15.03806,0 -91.70021,15.02355,0 -91.69022,14.99941,0 -91.69493,14.94493,0 -91.70872,14.91912,0 -91.73572,14.89202,0 -91.76867,14.87644,0 -91.79793,14.87644,0 -91.82497,14.88764,0 -91.84743,14.91087,0</coordinates></LinearRing></outerBoundaryIs></Polygon></Placemark>
</Folder>
</Document></kml>